playerTotal,isSoft,dealerUp,runningCount,canDouble,action
4,0,2,-5,0,H
4,0,2,-4,0,H
4,0,2,-3,0,H
4,0,2,-2,0,H
4,0,2,-1,0,H
4,0,2,0,0,H
4,0,2,1,0,H
4,0,2,2,0,H
4,0,2,3,0,H
4,0,2,4,0,H
4,0,2,5,0,H
4,0,2,6,0,H
4,0,2,7,0,H
4,0,2,8,0,H
4,0,2,9,0,H
4,0,2,10,0,H
4,0,3,-5,0,H
4,0,3,-4,0,H
4,0,3,-3,0,H
4,0,3,-2,0,H
4,0,3,-1,0,H
4,0,3,0,0,H
4,0,3,1,0,H
4,0,3,2,0,H
4,0,3,3,0,H
4,0,3,4,0,H
4,0,3,5,0,H
4,0,3,6,0,H
4,0,3,7,0,H
4,0,3,8,0,H
4,0,3,9,0,H
4,0,3,10,0,H
4,0,4,-5,0,H
4,0,4,-4,0,H
4,0,4,-3,0,H
4,0,4,-2,0,H
4,0,4,-1,0,H
4,0,4,0,0,H
4,0,4,1,0,H
4,0,4,2,0,H
4,0,4,3,0,H
4,0,4,4,0,H
4,0,4,5,0,H
4,0,4,6,0,H
4,0,4,7,0,H
4,0,4,8,0,H
4,0,4,9,0,H
4,0,4,10,0,H
4,0,5,-5,0,H
4,0,5,-4,0,H
4,0,5,-3,0,H
4,0,5,-2,0,H
4,0,5,-1,0,H
4,0,5,0,0,H
4,0,5,1,0,H
4,0,5,2,0,H
4,0,5,3,0,H
4,0,5,4,0,H
4,0,5,5,0,H
4,0,5,6,0,H
4,0,5,7,0,H
4,0,5,8,0,H
4,0,5,9,0,H
4,0,5,10,0,H
4,0,6,-5,0,H
4,0,6,-4,0,H
4,0,6,-3,0,H
4,0,6,-2,0,H
4,0,6,-1,0,H
4,0,6,0,0,H
4,0,6,1,0,H
4,0,6,2,0,H
4,0,6,3,0,H
4,0,6,4,0,H
4,0,6,5,0,H
4,0,6,6,0,H
4,0,6,7,0,H
4,0,6,8,0,H
4,0,6,9,0,H
4,0,6,10,0,H
4,0,7,-5,0,H
4,0,7,-4,0,H
4,0,7,-3,0,H
4,0,7,-2,0,H
4,0,7,-1,0,H
4,0,7,0,0,H
4,0,7,1,0,H
4,0,7,2,0,H
4,0,7,3,0,H
4,0,7,4,0,H
4,0,7,5,0,H
4,0,7,6,0,H
4,0,7,7,0,H
4,0,7,8,0,H
4,0,7,9,0,H
4,0,7,10,0,H
4,0,8,-5,0,H
4,0,8,-4,0,H
4,0,8,-3,0,H
4,0,8,-2,0,H
4,0,8,-1,0,H
4,0,8,0,0,H
4,0,8,1,0,H
4,0,8,2,0,H
4,0,8,3,0,H
4,0,8,4,0,H
4,0,8,5,0,H
4,0,8,6,0,H
4,0,8,7,0,H
4,0,8,8,0,H
4,0,8,9,0,H
4,0,8,10,0,H
4,0,9,-5,0,H
4,0,9,-4,0,H
4,0,9,-3,0,H
4,0,9,-2,0,H
4,0,9,-1,0,H
4,0,9,0,0,H
4,0,9,1,0,H
4,0,9,2,0,H
4,0,9,3,0,H
4,0,9,4,0,H
4,0,9,5,0,H
4,0,9,6,0,H
4,0,9,7,0,H
4,0,9,8,0,H
4,0,9,9,0,H
4,0,9,10,0,H
4,0,10,-5,0,H
4,0,10,-4,0,H
4,0,10,-3,0,H
4,0,10,-2,0,H
4,0,10,-1,0,H
4,0,10,0,0,H
4,0,10,1,0,H
4,0,10,2,0,H
4,0,10,3,0,H
4,0,10,4,0,H
4,0,10,5,0,H
4,0,10,6,0,H
4,0,10,7,0,H
4,0,10,8,0,H
4,0,10,9,0,H
4,0,10,10,0,H
4,0,11,-5,0,H
4,0,11,-4,0,H
4,0,11,-3,0,H
4,0,11,-2,0,H
4,0,11,-1,0,H
4,0,11,0,0,H
4,0,11,1,0,H
4,0,11,2,0,H
4,0,11,3,0,H
4,0,11,4,0,H
4,0,11,5,0,H
4,0,11,6,0,H
4,0,11,7,0,H
4,0,11,8,0,H
4,0,11,9,0,H
4,0,11,10,0,H
4,1,2,-5,0,H
4,1,2,-4,0,H
4,1,2,-3,0,H
4,1,2,-2,0,H
4,1,2,-1,0,H
4,1,2,0,0,H
4,1,2,1,0,H
4,1,2,2,0,H
4,1,2,3,0,H
4,1,2,4,0,H
4,1,2,5,0,H
4,1,2,6,0,H
4,1,2,7,0,H
4,1,2,8,0,H
4,1,2,9,0,H
4,1,2,10,0,H
4,1,3,-5,0,H
4,1,3,-4,0,H
4,1,3,-3,0,H
4,1,3,-2,0,H
4,1,3,-1,0,H
4,1,3,0,0,H
4,1,3,1,0,H
4,1,3,2,0,H
4,1,3,3,0,H
4,1,3,4,0,H
4,1,3,5,0,H
4,1,3,6,0,H
4,1,3,7,0,H
4,1,3,8,0,H
4,1,3,9,0,H
4,1,3,10,0,H
4,1,4,-5,0,H
4,1,4,-4,0,H
4,1,4,-3,0,H
4,1,4,-2,0,H
4,1,4,-1,0,H
4,1,4,0,0,H
4,1,4,1,0,H
4,1,4,2,0,H
4,1,4,3,0,H
4,1,4,4,0,H
4,1,4,5,0,H
4,1,4,6,0,H
4,1,4,7,0,H
4,1,4,8,0,H
4,1,4,9,0,H
4,1,4,10,0,H
4,1,5,-5,0,S
4,1,5,-4,0,S
4,1,5,-3,0,S
4,1,5,-2,0,S
4,1,5,-1,0,S
4,1,5,0,0,S
4,1,5,1,0,S
4,1,5,2,0,S
4,1,5,3,0,S
4,1,5,4,0,S
4,1,5,5,0,S
4,1,5,6,0,S
4,1,5,7,0,S
4,1,5,8,0,S
4,1,5,9,0,S
4,1,5,10,0,S
4,1,6,-5,0,S
4,1,6,-4,0,S
4,1,6,-3,0,S
4,1,6,-2,0,S
4,1,6,-1,0,S
4,1,6,0,0,S
4,1,6,1,0,S
4,1,6,2,0,S
4,1,6,3,0,S
4,1,6,4,0,S
4,1,6,5,0,S
4,1,6,6,0,S
4,1,6,7,0,S
4,1,6,8,0,S
4,1,6,9,0,S
4,1,6,10,0,S
4,1,7,-5,0,H
4,1,7,-4,0,H
4,1,7,-3,0,H
4,1,7,-2,0,H
4,1,7,-1,0,H
4,1,7,0,0,H
4,1,7,1,0,H
4,1,7,2,0,H
4,1,7,3,0,H
4,1,7,4,0,H
4,1,7,5,0,H
4,1,7,6,0,H
4,1,7,7,0,H
4,1,7,8,0,H
4,1,7,9,0,H
4,1,7,10,0,H
4,1,8,-5,0,H
4,1,8,-4,0,H
4,1,8,-3,0,H
4,1,8,-2,0,H
4,1,8,-1,0,H
4,1,8,0,0,H
4,1,8,1,0,H
4,1,8,2,0,H
4,1,8,3,0,H
4,1,8,4,0,H
4,1,8,5,0,H
4,1,8,6,0,H
4,1,8,7,0,H
4,1,8,8,0,H
4,1,8,9,0,H
4,1,8,10,0,H
4,1,9,-5,0,H
4,1,9,-4,0,H
4,1,9,-3,0,H
4,1,9,-2,0,H
4,1,9,-1,0,H
4,1,9,0,0,H
4,1,9,1,0,H
4,1,9,2,0,H
4,1,9,3,0,H
4,1,9,4,0,H
4,1,9,5,0,H
4,1,9,6,0,H
4,1,9,7,0,H
4,1,9,8,0,H
4,1,9,9,0,H
4,1,9,10,0,H
4,1,10,-5,0,H
4,1,10,-4,0,H
4,1,10,-3,0,H
4,1,10,-2,0,H
4,1,10,-1,0,H
4,1,10,0,0,H
4,1,10,1,0,H
4,1,10,2,0,H
4,1,10,3,0,H
4,1,10,4,0,H
4,1,10,5,0,H
4,1,10,6,0,H
4,1,10,7,0,H
4,1,10,8,0,H
4,1,10,9,0,H
4,1,10,10,0,H
4,1,11,-5,0,H
4,1,11,-4,0,H
4,1,11,-3,0,H
4,1,11,-2,0,H
4,1,11,-1,0,H
4,1,11,0,0,H
4,1,11,1,0,H
4,1,11,2,0,H
4,1,11,3,0,H
4,1,11,4,0,H
4,1,11,5,0,H
4,1,11,6,0,H
4,1,11,7,0,H
4,1,11,8,0,H
4,1,11,9,0,H
4,1,11,10,0,H
5,0,2,-5,0,H
5,0,2,-4,0,H
5,0,2,-3,0,H
5,0,2,-2,0,H
5,0,2,-1,0,H
5,0,2,0,0,H
5,0,2,1,0,H
5,0,2,2,0,H
5,0,2,3,0,H
5,0,2,4,0,H
5,0,2,5,0,H
5,0,2,6,0,H
5,0,2,7,0,H
5,0,2,8,0,H
5,0,2,9,0,H
5,0,2,10,0,H
5,0,3,-5,0,H
5,0,3,-4,0,H
5,0,3,-3,0,H
5,0,3,-2,0,H
5,0,3,-1,0,H
5,0,3,0,0,H
5,0,3,1,0,H
5,0,3,2,0,H
5,0,3,3,0,H
5,0,3,4,0,H
5,0,3,5,0,H
5,0,3,6,0,H
5,0,3,7,0,H
5,0,3,8,0,H
5,0,3,9,0,H
5,0,3,10,0,H
5,0,4,-5,0,H
5,0,4,-4,0,H
5,0,4,-3,0,H
5,0,4,-2,0,H
5,0,4,-1,0,H
5,0,4,0,0,H
5,0,4,1,0,H
5,0,4,2,0,H
5,0,4,3,0,H
5,0,4,4,0,H
5,0,4,5,0,H
5,0,4,6,0,H
5,0,4,7,0,H
5,0,4,8,0,H
5,0,4,9,0,H
5,0,4,10,0,H
5,0,5,-5,0,H
5,0,5,-4,0,H
5,0,5,-3,0,H
5,0,5,-2,0,H
5,0,5,-1,0,H
5,0,5,0,0,H
5,0,5,1,0,H
5,0,5,2,0,H
5,0,5,3,0,H
5,0,5,4,0,H
5,0,5,5,0,H
5,0,5,6,0,H
5,0,5,7,0,H
5,0,5,8,0,H
5,0,5,9,0,H
5,0,5,10,0,H
5,0,6,-5,0,H
5,0,6,-4,0,H
5,0,6,-3,0,H
5,0,6,-2,0,H
5,0,6,-1,0,H
5,0,6,0,0,H
5,0,6,1,0,H
5,0,6,2,0,H
5,0,6,3,0,H
5,0,6,4,0,H
5,0,6,5,0,H
5,0,6,6,0,H
5,0,6,7,0,H
5,0,6,8,0,H
5,0,6,9,0,H
5,0,6,10,0,H
5,0,7,-5,0,H
5,0,7,-4,0,H
5,0,7,-3,0,H
5,0,7,-2,0,H
5,0,7,-1,0,H
5,0,7,0,0,H
5,0,7,1,0,H
5,0,7,2,0,H
5,0,7,3,0,H
5,0,7,4,0,H
5,0,7,5,0,H
5,0,7,6,0,H
5,0,7,7,0,H
5,0,7,8,0,H
5,0,7,9,0,H
5,0,7,10,0,H
5,0,8,-5,0,H
5,0,8,-4,0,H
5,0,8,-3,0,H
5,0,8,-2,0,H
5,0,8,-1,0,H
5,0,8,0,0,H
5,0,8,1,0,H
5,0,8,2,0,H
5,0,8,3,0,H
5,0,8,4,0,H
5,0,8,5,0,H
5,0,8,6,0,H
5,0,8,7,0,H
5,0,8,8,0,H
5,0,8,9,0,H
5,0,8,10,0,H
5,0,9,-5,0,H
5,0,9,-4,0,H
5,0,9,-3,0,H
5,0,9,-2,0,H
5,0,9,-1,0,H
5,0,9,0,0,H
5,0,9,1,0,H
5,0,9,2,0,H
5,0,9,3,0,H
5,0,9,4,0,H
5,0,9,5,0,H
5,0,9,6,0,H
5,0,9,7,0,H
5,0,9,8,0,H
5,0,9,9,0,H
5,0,9,10,0,H
5,0,10,-5,0,H
5,0,10,-4,0,H
5,0,10,-3,0,H
5,0,10,-2,0,H
5,0,10,-1,0,H
5,0,10,0,0,H
5,0,10,1,0,H
5,0,10,2,0,H
5,0,10,3,0,H
5,0,10,4,0,H
5,0,10,5,0,H
5,0,10,6,0,H
5,0,10,7,0,H
5,0,10,8,0,H
5,0,10,9,0,H
5,0,10,10,0,H
5,0,11,-5,0,H
5,0,11,-4,0,H
5,0,11,-3,0,H
5,0,11,-2,0,H
5,0,11,-1,0,H
5,0,11,0,0,H
5,0,11,1,0,H
5,0,11,2,0,H
5,0,11,3,0,H
5,0,11,4,0,H
5,0,11,5,0,H
5,0,11,6,0,H
5,0,11,7,0,H
5,0,11,8,0,H
5,0,11,9,0,H
5,0,11,10,0,H
5,1,2,-5,0,H
5,1,2,-4,0,H
5,1,2,-3,0,H
5,1,2,-2,0,H
5,1,2,-1,0,H
5,1,2,0,0,H
5,1,2,1,0,H
5,1,2,2,0,H
5,1,2,3,0,H
5,1,2,4,0,H
5,1,2,5,0,H
5,1,2,6,0,H
5,1,2,7,0,H
5,1,2,8,0,H
5,1,2,9,0,H
5,1,2,10,0,H
5,1,3,-5,0,H
5,1,3,-4,0,H
5,1,3,-3,0,H
5,1,3,-2,0,H
5,1,3,-1,0,H
5,1,3,0,0,H
5,1,3,1,0,H
5,1,3,2,0,H
5,1,3,3,0,H
5,1,3,4,0,H
5,1,3,5,0,H
5,1,3,6,0,H
5,1,3,7,0,H
5,1,3,8,0,H
5,1,3,9,0,H
5,1,3,10,0,H
5,1,4,-5,0,H
5,1,4,-4,0,H
5,1,4,-3,0,H
5,1,4,-2,0,H
5,1,4,-1,0,H
5,1,4,0,0,H
5,1,4,1,0,H
5,1,4,2,0,H
5,1,4,3,0,H
5,1,4,4,0,H
5,1,4,5,0,H
5,1,4,6,0,H
5,1,4,7,0,H
5,1,4,8,0,H
5,1,4,9,0,H
5,1,4,10,0,H
5,1,5,-5,0,S
5,1,5,-4,0,S
5,1,5,-3,0,S
5,1,5,-2,0,S
5,1,5,-1,0,S
5,1,5,0,0,S
5,1,5,1,0,S
5,1,5,2,0,S
5,1,5,3,0,S
5,1,5,4,0,S
5,1,5,5,0,S
5,1,5,6,0,S
5,1,5,7,0,S
5,1,5,8,0,S
5,1,5,9,0,S
5,1,5,10,0,S
5,1,6,-5,0,S
5,1,6,-4,0,S
5,1,6,-3,0,S
5,1,6,-2,0,S
5,1,6,-1,0,S
5,1,6,0,0,S
5,1,6,1,0,S
5,1,6,2,0,S
5,1,6,3,0,S
5,1,6,4,0,S
5,1,6,5,0,S
5,1,6,6,0,S
5,1,6,7,0,S
5,1,6,8,0,S
5,1,6,9,0,S
5,1,6,10,0,S
5,1,7,-5,0,H
5,1,7,-4,0,H
5,1,7,-3,0,H
5,1,7,-2,0,H
5,1,7,-1,0,H
5,1,7,0,0,H
5,1,7,1,0,H
5,1,7,2,0,H
5,1,7,3,0,H
5,1,7,4,0,H
5,1,7,5,0,H
5,1,7,6,0,H
5,1,7,7,0,H
5,1,7,8,0,H
5,1,7,9,0,H
5,1,7,10,0,H
5,1,8,-5,0,H
5,1,8,-4,0,H
5,1,8,-3,0,H
5,1,8,-2,0,H
5,1,8,-1,0,H
5,1,8,0,0,H
5,1,8,1,0,H
5,1,8,2,0,H
5,1,8,3,0,H
5,1,8,4,0,H
5,1,8,5,0,H
5,1,8,6,0,H
5,1,8,7,0,H
5,1,8,8,0,H
5,1,8,9,0,H
5,1,8,10,0,H
5,1,9,-5,0,H
5,1,9,-4,0,H
5,1,9,-3,0,H
5,1,9,-2,0,H
5,1,9,-1,0,H
5,1,9,0,0,H
5,1,9,1,0,H
5,1,9,2,0,H
5,1,9,3,0,H
5,1,9,4,0,H
5,1,9,5,0,H
5,1,9,6,0,H
5,1,9,7,0,H
5,1,9,8,0,H
5,1,9,9,0,H
5,1,9,10,0,H
5,1,10,-5,0,H
5,1,10,-4,0,H
5,1,10,-3,0,H
5,1,10,-2,0,H
5,1,10,-1,0,H
5,1,10,0,0,H
5,1,10,1,0,H
5,1,10,2,0,H
5,1,10,3,0,H
5,1,10,4,0,H
5,1,10,5,0,H
5,1,10,6,0,H
5,1,10,7,0,H
5,1,10,8,0,H
5,1,10,9,0,H
5,1,10,10,0,H
5,1,11,-5,0,H
5,1,11,-4,0,H
5,1,11,-3,0,H
5,1,11,-2,0,H
5,1,11,-1,0,H
5,1,11,0,0,H
5,1,11,1,0,H
5,1,11,2,0,H
5,1,11,3,0,H
5,1,11,4,0,H
5,1,11,5,0,H
5,1,11,6,0,H
5,1,11,7,0,H
5,1,11,8,0,H
5,1,11,9,0,H
5,1,11,10,0,H
6,0,2,-5,0,H
6,0,2,-4,0,H
6,0,2,-3,0,H
6,0,2,-2,0,H
6,0,2,-1,0,H
6,0,2,0,0,H
6,0,2,1,0,H
6,0,2,2,0,H
6,0,2,3,0,H
6,0,2,4,0,H
6,0,2,5,0,H
6,0,2,6,0,H
6,0,2,7,0,H
6,0,2,8,0,H
6,0,2,9,0,H
6,0,2,10,0,H
6,0,3,-5,0,H
6,0,3,-4,0,H
6,0,3,-3,0,H
6,0,3,-2,0,H
6,0,3,-1,0,H
6,0,3,0,0,H
6,0,3,1,0,H
6,0,3,2,0,H
6,0,3,3,0,H
6,0,3,4,0,H
6,0,3,5,0,H
6,0,3,6,0,H
6,0,3,7,0,H
6,0,3,8,0,H
6,0,3,9,0,H
6,0,3,10,0,H
6,0,4,-5,0,H
6,0,4,-4,0,H
6,0,4,-3,0,H
6,0,4,-2,0,H
6,0,4,-1,0,H
6,0,4,0,0,H
6,0,4,1,0,H
6,0,4,2,0,H
6,0,4,3,0,H
6,0,4,4,0,H
6,0,4,5,0,H
6,0,4,6,0,H
6,0,4,7,0,H
6,0,4,8,0,H
6,0,4,9,0,H
6,0,4,10,0,H
6,0,5,-5,0,H
6,0,5,-4,0,H
6,0,5,-3,0,H
6,0,5,-2,0,H
6,0,5,-1,0,H
6,0,5,0,0,H
6,0,5,1,0,H
6,0,5,2,0,H
6,0,5,3,0,H
6,0,5,4,0,H
6,0,5,5,0,H
6,0,5,6,0,H
6,0,5,7,0,H
6,0,5,8,0,H
6,0,5,9,0,H
6,0,5,10,0,H
6,0,6,-5,0,H
6,0,6,-4,0,H
6,0,6,-3,0,H
6,0,6,-2,0,H
6,0,6,-1,0,H
6,0,6,0,0,H
6,0,6,1,0,H
6,0,6,2,0,H
6,0,6,3,0,H
6,0,6,4,0,H
6,0,6,5,0,H
6,0,6,6,0,H
6,0,6,7,0,H
6,0,6,8,0,H
6,0,6,9,0,H
6,0,6,10,0,H
6,0,7,-5,0,H
6,0,7,-4,0,H
6,0,7,-3,0,H
6,0,7,-2,0,H
6,0,7,-1,0,H
6,0,7,0,0,H
6,0,7,1,0,H
6,0,7,2,0,H
6,0,7,3,0,H
6,0,7,4,0,H
6,0,7,5,0,H
6,0,7,6,0,H
6,0,7,7,0,H
6,0,7,8,0,H
6,0,7,9,0,H
6,0,7,10,0,H
6,0,8,-5,0,H
6,0,8,-4,0,H
6,0,8,-3,0,H
6,0,8,-2,0,H
6,0,8,-1,0,H
6,0,8,0,0,H
6,0,8,1,0,H
6,0,8,2,0,H
6,0,8,3,0,H
6,0,8,4,0,H
6,0,8,5,0,H
6,0,8,6,0,H
6,0,8,7,0,H
6,0,8,8,0,H
6,0,8,9,0,H
6,0,8,10,0,H
6,0,9,-5,0,H
6,0,9,-4,0,H
6,0,9,-3,0,H
6,0,9,-2,0,H
6,0,9,-1,0,H
6,0,9,0,0,H
6,0,9,1,0,H
6,0,9,2,0,H
6,0,9,3,0,H
6,0,9,4,0,H
6,0,9,5,0,H
6,0,9,6,0,H
6,0,9,7,0,H
6,0,9,8,0,H
6,0,9,9,0,H
6,0,9,10,0,H
6,0,10,-5,0,H
6,0,10,-4,0,H
6,0,10,-3,0,H
6,0,10,-2,0,H
6,0,10,-1,0,H
6,0,10,0,0,H
6,0,10,1,0,H
6,0,10,2,0,H
6,0,10,3,0,H
6,0,10,4,0,H
6,0,10,5,0,H
6,0,10,6,0,H
6,0,10,7,0,H
6,0,10,8,0,H
6,0,10,9,0,H
6,0,10,10,0,H
6,0,11,-5,0,H
6,0,11,-4,0,H
6,0,11,-3,0,H
6,0,11,-2,0,H
6,0,11,-1,0,H
6,0,11,0,0,H
6,0,11,1,0,H
6,0,11,2,0,H
6,0,11,3,0,H
6,0,11,4,0,H
6,0,11,5,0,H
6,0,11,6,0,H
6,0,11,7,0,H
6,0,11,8,0,H
6,0,11,9,0,H
6,0,11,10,0,H
6,1,2,-5,0,H
6,1,2,-4,0,H
6,1,2,-3,0,H
6,1,2,-2,0,H
6,1,2,-1,0,H
6,1,2,0,0,H
6,1,2,1,0,H
6,1,2,2,0,H
6,1,2,3,0,H
6,1,2,4,0,H
6,1,2,5,0,H
6,1,2,6,0,H
6,1,2,7,0,H
6,1,2,8,0,H
6,1,2,9,0,H
6,1,2,10,0,H
6,1,3,-5,0,H
6,1,3,-4,0,H
6,1,3,-3,0,H
6,1,3,-2,0,H
6,1,3,-1,0,H
6,1,3,0,0,H
6,1,3,1,0,H
6,1,3,2,0,H
6,1,3,3,0,H
6,1,3,4,0,H
6,1,3,5,0,H
6,1,3,6,0,H
6,1,3,7,0,H
6,1,3,8,0,H
6,1,3,9,0,H
6,1,3,10,0,H
6,1,4,-5,0,H
6,1,4,-4,0,H
6,1,4,-3,0,H
6,1,4,-2,0,H
6,1,4,-1,0,H
6,1,4,0,0,H
6,1,4,1,0,H
6,1,4,2,0,H
6,1,4,3,0,H
6,1,4,4,0,H
6,1,4,5,0,H
6,1,4,6,0,H
6,1,4,7,0,H
6,1,4,8,0,H
6,1,4,9,0,H
6,1,4,10,0,H
6,1,5,-5,0,S
6,1,5,-4,0,S
6,1,5,-3,0,S
6,1,5,-2,0,S
6,1,5,-1,0,S
6,1,5,0,0,S
6,1,5,1,0,S
6,1,5,2,0,S
6,1,5,3,0,S
6,1,5,4,0,S
6,1,5,5,0,S
6,1,5,6,0,S
6,1,5,7,0,S
6,1,5,8,0,S
6,1,5,9,0,S
6,1,5,10,0,S
6,1,6,-5,0,S
6,1,6,-4,0,S
6,1,6,-3,0,S
6,1,6,-2,0,S
6,1,6,-1,0,S
6,1,6,0,0,S
6,1,6,1,0,S
6,1,6,2,0,S
6,1,6,3,0,S
6,1,6,4,0,S
6,1,6,5,0,S
6,1,6,6,0,S
6,1,6,7,0,S
6,1,6,8,0,S
6,1,6,9,0,S
6,1,6,10,0,S
6,1,7,-5,0,H
6,1,7,-4,0,H
6,1,7,-3,0,H
6,1,7,-2,0,H
6,1,7,-1,0,H
6,1,7,0,0,H
6,1,7,1,0,H
6,1,7,2,0,H
6,1,7,3,0,H
6,1,7,4,0,H
6,1,7,5,0,H
6,1,7,6,0,H
6,1,7,7,0,H
6,1,7,8,0,H
6,1,7,9,0,H
6,1,7,10,0,H
6,1,8,-5,0,H
6,1,8,-4,0,H
6,1,8,-3,0,H
6,1,8,-2,0,H
6,1,8,-1,0,H
6,1,8,0,0,H
6,1,8,1,0,H
6,1,8,2,0,H
6,1,8,3,0,H
6,1,8,4,0,H
6,1,8,5,0,H
6,1,8,6,0,H
6,1,8,7,0,H
6,1,8,8,0,H
6,1,8,9,0,H
6,1,8,10,0,H
6,1,9,-5,0,H
6,1,9,-4,0,H
6,1,9,-3,0,H
6,1,9,-2,0,H
6,1,9,-1,0,H
6,1,9,0,0,H
6,1,9,1,0,H
6,1,9,2,0,H
6,1,9,3,0,H
6,1,9,4,0,H
6,1,9,5,0,H
6,1,9,6,0,H
6,1,9,7,0,H
6,1,9,8,0,H
6,1,9,9,0,H
6,1,9,10,0,H
6,1,10,-5,0,H
6,1,10,-4,0,H
6,1,10,-3,0,H
6,1,10,-2,0,H
6,1,10,-1,0,H
6,1,10,0,0,H
6,1,10,1,0,H
6,1,10,2,0,H
6,1,10,3,0,H
6,1,10,4,0,H
6,1,10,5,0,H
6,1,10,6,0,H
6,1,10,7,0,H
6,1,10,8,0,H
6,1,10,9,0,H
6,1,10,10,0,H
6,1,11,-5,0,H
6,1,11,-4,0,H
6,1,11,-3,0,H
6,1,11,-2,0,H
6,1,11,-1,0,H
6,1,11,0,0,H
6,1,11,1,0,H
6,1,11,2,0,H
6,1,11,3,0,H
6,1,11,4,0,H
6,1,11,5,0,H
6,1,11,6,0,H
6,1,11,7,0,H
6,1,11,8,0,H
6,1,11,9,0,H
6,1,11,10,0,H
7,0,2,-5,0,H
7,0,2,-4,0,H
7,0,2,-3,0,H
7,0,2,-2,0,H
7,0,2,-1,0,H
7,0,2,0,0,H
7,0,2,1,0,H
7,0,2,2,0,H
7,0,2,3,0,H
7,0,2,4,0,H
7,0,2,5,0,H
7,0,2,6,0,H
7,0,2,7,0,H
7,0,2,8,0,H
7,0,2,9,0,H
7,0,2,10,0,H
7,0,3,-5,0,H
7,0,3,-4,0,H
7,0,3,-3,0,H
7,0,3,-2,0,H
7,0,3,-1,0,H
7,0,3,0,0,H
7,0,3,1,0,H
7,0,3,2,0,H
7,0,3,3,0,H
7,0,3,4,0,H
7,0,3,5,0,H
7,0,3,6,0,H
7,0,3,7,0,H
7,0,3,8,0,H
7,0,3,9,0,H
7,0,3,10,0,H
7,0,4,-5,0,H
7,0,4,-4,0,H
7,0,4,-3,0,H
7,0,4,-2,0,H
7,0,4,-1,0,H
7,0,4,0,0,H
7,0,4,1,0,H
7,0,4,2,0,H
7,0,4,3,0,H
7,0,4,4,0,H
7,0,4,5,0,H
7,0,4,6,0,H
7,0,4,7,0,H
7,0,4,8,0,H
7,0,4,9,0,H
7,0,4,10,0,H
7,0,5,-5,0,H
7,0,5,-4,0,H
7,0,5,-3,0,H
7,0,5,-2,0,H
7,0,5,-1,0,H
7,0,5,0,0,H
7,0,5,1,0,H
7,0,5,2,0,H
7,0,5,3,0,H
7,0,5,4,0,H
7,0,5,5,0,H
7,0,5,6,0,H
7,0,5,7,0,H
7,0,5,8,0,H
7,0,5,9,0,H
7,0,5,10,0,H
7,0,6,-5,0,H
7,0,6,-4,0,H
7,0,6,-3,0,H
7,0,6,-2,0,H
7,0,6,-1,0,H
7,0,6,0,0,H
7,0,6,1,0,H
7,0,6,2,0,H
7,0,6,3,0,H
7,0,6,4,0,H
7,0,6,5,0,H
7,0,6,6,0,H
7,0,6,7,0,H
7,0,6,8,0,H
7,0,6,9,0,H
7,0,6,10,0,H
7,0,7,-5,0,H
7,0,7,-4,0,H
7,0,7,-3,0,H
7,0,7,-2,0,H
7,0,7,-1,0,H
7,0,7,0,0,H
7,0,7,1,0,H
7,0,7,2,0,H
7,0,7,3,0,H
7,0,7,4,0,H
7,0,7,5,0,H
7,0,7,6,0,H
7,0,7,7,0,H
7,0,7,8,0,H
7,0,7,9,0,H
7,0,7,10,0,H
7,0,8,-5,0,H
7,0,8,-4,0,H
7,0,8,-3,0,H
7,0,8,-2,0,H
7,0,8,-1,0,H
7,0,8,0,0,H
7,0,8,1,0,H
7,0,8,2,0,H
7,0,8,3,0,H
7,0,8,4,0,H
7,0,8,5,0,H
7,0,8,6,0,H
7,0,8,7,0,H
7,0,8,8,0,H
7,0,8,9,0,H
7,0,8,10,0,H
7,0,9,-5,0,H
7,0,9,-4,0,H
7,0,9,-3,0,H
7,0,9,-2,0,H
7,0,9,-1,0,H
7,0,9,0,0,H
7,0,9,1,0,H
7,0,9,2,0,H
7,0,9,3,0,H
7,0,9,4,0,H
7,0,9,5,0,H
7,0,9,6,0,H
7,0,9,7,0,H
7,0,9,8,0,H
7,0,9,9,0,H
7,0,9,10,0,H
7,0,10,-5,0,H
7,0,10,-4,0,H
7,0,10,-3,0,H
7,0,10,-2,0,H
7,0,10,-1,0,H
7,0,10,0,0,H
7,0,10,1,0,H
7,0,10,2,0,H
7,0,10,3,0,H
7,0,10,4,0,H
7,0,10,5,0,H
7,0,10,6,0,H
7,0,10,7,0,H
7,0,10,8,0,H
7,0,10,9,0,H
7,0,10,10,0,H
7,0,11,-5,0,H
7,0,11,-4,0,H
7,0,11,-3,0,H
7,0,11,-2,0,H
7,0,11,-1,0,H
7,0,11,0,0,H
7,0,11,1,0,H
7,0,11,2,0,H
7,0,11,3,0,H
7,0,11,4,0,H
7,0,11,5,0,H
7,0,11,6,0,H
7,0,11,7,0,H
7,0,11,8,0,H
7,0,11,9,0,H
7,0,11,10,0,H
7,1,2,-5,0,H
7,1,2,-4,0,H
7,1,2,-3,0,H
7,1,2,-2,0,H
7,1,2,-1,0,H
7,1,2,0,0,H
7,1,2,1,0,H
7,1,2,2,0,H
7,1,2,3,0,H
7,1,2,4,0,H
7,1,2,5,0,H
7,1,2,6,0,H
7,1,2,7,0,H
7,1,2,8,0,H
7,1,2,9,0,H
7,1,2,10,0,H
7,1,3,-5,0,H
7,1,3,-4,0,H
7,1,3,-3,0,H
7,1,3,-2,0,H
7,1,3,-1,0,H
7,1,3,0,0,H
7,1,3,1,0,H
7,1,3,2,0,H
7,1,3,3,0,H
7,1,3,4,0,H
7,1,3,5,0,H
7,1,3,6,0,H
7,1,3,7,0,H
7,1,3,8,0,H
7,1,3,9,0,H
7,1,3,10,0,H
7,1,4,-5,0,H
7,1,4,-4,0,H
7,1,4,-3,0,H
7,1,4,-2,0,H
7,1,4,-1,0,H
7,1,4,0,0,H
7,1,4,1,0,H
7,1,4,2,0,H
7,1,4,3,0,H
7,1,4,4,0,H
7,1,4,5,0,H
7,1,4,6,0,H
7,1,4,7,0,H
7,1,4,8,0,H
7,1,4,9,0,H
7,1,4,10,0,H
7,1,5,-5,0,S
7,1,5,-4,0,S
7,1,5,-3,0,S
7,1,5,-2,0,S
7,1,5,-1,0,S
7,1,5,0,0,S
7,1,5,1,0,S
7,1,5,2,0,S
7,1,5,3,0,S
7,1,5,4,0,S
7,1,5,5,0,S
7,1,5,6,0,S
7,1,5,7,0,S
7,1,5,8,0,S
7,1,5,9,0,S
7,1,5,10,0,S
7,1,6,-5,0,S
7,1,6,-4,0,S
7,1,6,-3,0,S
7,1,6,-2,0,S
7,1,6,-1,0,S
7,1,6,0,0,S
7,1,6,1,0,S
7,1,6,2,0,S
7,1,6,3,0,S
7,1,6,4,0,S
7,1,6,5,0,S
7,1,6,6,0,S
7,1,6,7,0,S
7,1,6,8,0,S
7,1,6,9,0,S
7,1,6,10,0,S
7,1,7,-5,0,H
7,1,7,-4,0,H
7,1,7,-3,0,H
7,1,7,-2,0,H
7,1,7,-1,0,H
7,1,7,0,0,H
7,1,7,1,0,H
7,1,7,2,0,H
7,1,7,3,0,H
7,1,7,4,0,H
7,1,7,5,0,H
7,1,7,6,0,H
7,1,7,7,0,H
7,1,7,8,0,H
7,1,7,9,0,H
7,1,7,10,0,H
7,1,8,-5,0,H
7,1,8,-4,0,H
7,1,8,-3,0,H
7,1,8,-2,0,H
7,1,8,-1,0,H
7,1,8,0,0,H
7,1,8,1,0,H
7,1,8,2,0,H
7,1,8,3,0,H
7,1,8,4,0,H
7,1,8,5,0,H
7,1,8,6,0,H
7,1,8,7,0,H
7,1,8,8,0,H
7,1,8,9,0,H
7,1,8,10,0,H
7,1,9,-5,0,H
7,1,9,-4,0,H
7,1,9,-3,0,H
7,1,9,-2,0,H
7,1,9,-1,0,H
7,1,9,0,0,H
7,1,9,1,0,H
7,1,9,2,0,H
7,1,9,3,0,H
7,1,9,4,0,H
7,1,9,5,0,H
7,1,9,6,0,H
7,1,9,7,0,H
7,1,9,8,0,H
7,1,9,9,0,H
7,1,9,10,0,H
7,1,10,-5,0,H
7,1,10,-4,0,H
7,1,10,-3,0,H
7,1,10,-2,0,H
7,1,10,-1,0,H
7,1,10,0,0,H
7,1,10,1,0,H
7,1,10,2,0,H
7,1,10,3,0,H
7,1,10,4,0,H
7,1,10,5,0,H
7,1,10,6,0,H
7,1,10,7,0,H
7,1,10,8,0,H
7,1,10,9,0,H
7,1,10,10,0,H
7,1,11,-5,0,H
7,1,11,-4,0,H
7,1,11,-3,0,H
7,1,11,-2,0,H
7,1,11,-1,0,H
7,1,11,0,0,H
7,1,11,1,0,H
7,1,11,2,0,H
7,1,11,3,0,H
7,1,11,4,0,H
7,1,11,5,0,H
7,1,11,6,0,H
7,1,11,7,0,H
7,1,11,8,0,H
7,1,11,9,0,H
7,1,11,10,0,H
8,0,2,-5,0,H
8,0,2,-4,0,H
8,0,2,-3,0,H
8,0,2,-2,0,H
8,0,2,-1,0,H
8,0,2,0,0,H
8,0,2,1,0,H
8,0,2,2,0,H
8,0,2,3,0,H
8,0,2,4,0,H
8,0,2,5,0,H
8,0,2,6,0,H
8,0,2,7,0,H
8,0,2,8,0,H
8,0,2,9,0,H
8,0,2,10,0,H
8,0,3,-5,0,H
8,0,3,-4,0,H
8,0,3,-3,0,H
8,0,3,-2,0,H
8,0,3,-1,0,H
8,0,3,0,0,H
8,0,3,1,0,H
8,0,3,2,0,H
8,0,3,3,0,H
8,0,3,4,0,H
8,0,3,5,0,H
8,0,3,6,0,H
8,0,3,7,0,H
8,0,3,8,0,H
8,0,3,9,0,H
8,0,3,10,0,H
8,0,4,-5,0,H
8,0,4,-4,0,H
8,0,4,-3,0,H
8,0,4,-2,0,H
8,0,4,-1,0,H
8,0,4,0,0,H
8,0,4,1,0,H
8,0,4,2,0,H
8,0,4,3,0,H
8,0,4,4,0,H
8,0,4,5,0,H
8,0,4,6,0,H
8,0,4,7,0,H
8,0,4,8,0,H
8,0,4,9,0,H
8,0,4,10,0,H
8,0,5,-5,0,H
8,0,5,-4,0,H
8,0,5,-3,0,H
8,0,5,-2,0,H
8,0,5,-1,0,H
8,0,5,0,0,H
8,0,5,1,0,H
8,0,5,2,0,H
8,0,5,3,0,H
8,0,5,4,0,H
8,0,5,5,0,H
8,0,5,6,0,H
8,0,5,7,0,H
8,0,5,8,0,H
8,0,5,9,0,H
8,0,5,10,0,H
8,0,6,-5,0,H
8,0,6,-4,0,H
8,0,6,-3,0,H
8,0,6,-2,0,H
8,0,6,-1,0,H
8,0,6,0,0,H
8,0,6,1,0,H
8,0,6,2,0,H
8,0,6,3,0,H
8,0,6,4,0,H
8,0,6,5,0,H
8,0,6,6,0,H
8,0,6,7,0,H
8,0,6,8,0,H
8,0,6,9,0,H
8,0,6,10,0,H
8,0,7,-5,0,H
8,0,7,-4,0,H
8,0,7,-3,0,H
8,0,7,-2,0,H
8,0,7,-1,0,H
8,0,7,0,0,H
8,0,7,1,0,H
8,0,7,2,0,H
8,0,7,3,0,H
8,0,7,4,0,H
8,0,7,5,0,H
8,0,7,6,0,H
8,0,7,7,0,H
8,0,7,8,0,H
8,0,7,9,0,H
8,0,7,10,0,H
8,0,8,-5,0,H
8,0,8,-4,0,H
8,0,8,-3,0,H
8,0,8,-2,0,H
8,0,8,-1,0,H
8,0,8,0,0,H
8,0,8,1,0,H
8,0,8,2,0,H
8,0,8,3,0,H
8,0,8,4,0,H
8,0,8,5,0,H
8,0,8,6,0,H
8,0,8,7,0,H
8,0,8,8,0,H
8,0,8,9,0,H
8,0,8,10,0,H
8,0,9,-5,0,H
8,0,9,-4,0,H
8,0,9,-3,0,H
8,0,9,-2,0,H
8,0,9,-1,0,H
8,0,9,0,0,H
8,0,9,1,0,H
8,0,9,2,0,H
8,0,9,3,0,H
8,0,9,4,0,H
8,0,9,5,0,H
8,0,9,6,0,H
8,0,9,7,0,H
8,0,9,8,0,H
8,0,9,9,0,H
8,0,9,10,0,H
8,0,10,-5,0,H
8,0,10,-4,0,H
8,0,10,-3,0,H
8,0,10,-2,0,H
8,0,10,-1,0,H
8,0,10,0,0,H
8,0,10,1,0,H
8,0,10,2,0,H
8,0,10,3,0,H
8,0,10,4,0,H
8,0,10,5,0,H
8,0,10,6,0,H
8,0,10,7,0,H
8,0,10,8,0,H
8,0,10,9,0,H
8,0,10,10,0,H
8,0,11,-5,0,H
8,0,11,-4,0,H
8,0,11,-3,0,H
8,0,11,-2,0,H
8,0,11,-1,0,H
8,0,11,0,0,H
8,0,11,1,0,H
8,0,11,2,0,H
8,0,11,3,0,H
8,0,11,4,0,H
8,0,11,5,0,H
8,0,11,6,0,H
8,0,11,7,0,H
8,0,11,8,0,H
8,0,11,9,0,H
8,0,11,10,0,H
8,1,2,-5,0,H
8,1,2,-4,0,H
8,1,2,-3,0,H
8,1,2,-2,0,H
8,1,2,-1,0,H
8,1,2,0,0,H
8,1,2,1,0,H
8,1,2,2,0,H
8,1,2,3,0,H
8,1,2,4,0,H
8,1,2,5,0,H
8,1,2,6,0,H
8,1,2,7,0,H
8,1,2,8,0,H
8,1,2,9,0,H
8,1,2,10,0,H
8,1,3,-5,0,H
8,1,3,-4,0,H
8,1,3,-3,0,H
8,1,3,-2,0,H
8,1,3,-1,0,H
8,1,3,0,0,H
8,1,3,1,0,H
8,1,3,2,0,H
8,1,3,3,0,H
8,1,3,4,0,H
8,1,3,5,0,H
8,1,3,6,0,H
8,1,3,7,0,H
8,1,3,8,0,H
8,1,3,9,0,H
8,1,3,10,0,H
8,1,4,-5,0,H
8,1,4,-4,0,H
8,1,4,-3,0,H
8,1,4,-2,0,H
8,1,4,-1,0,H
8,1,4,0,0,H
8,1,4,1,0,H
8,1,4,2,0,H
8,1,4,3,0,H
8,1,4,4,0,H
8,1,4,5,0,H
8,1,4,6,0,H
8,1,4,7,0,H
8,1,4,8,0,H
8,1,4,9,0,H
8,1,4,10,0,H
8,1,5,-5,0,S
8,1,5,-4,0,S
8,1,5,-3,0,S
8,1,5,-2,0,S
8,1,5,-1,0,S
8,1,5,0,0,S
8,1,5,1,0,S
8,1,5,2,0,S
8,1,5,3,0,S
8,1,5,4,0,S
8,1,5,5,0,S
8,1,5,6,0,S
8,1,5,7,0,S
8,1,5,8,0,S
8,1,5,9,0,S
8,1,5,10,0,S
8,1,6,-5,0,S
8,1,6,-4,0,S
8,1,6,-3,0,S
8,1,6,-2,0,S
8,1,6,-1,0,S
8,1,6,0,0,S
8,1,6,1,0,S
8,1,6,2,0,S
8,1,6,3,0,S
8,1,6,4,0,S
8,1,6,5,0,S
8,1,6,6,0,S
8,1,6,7,0,S
8,1,6,8,0,S
8,1,6,9,0,S
8,1,6,10,0,S
8,1,7,-5,0,H
8,1,7,-4,0,H
8,1,7,-3,0,H
8,1,7,-2,0,H
8,1,7,-1,0,H
8,1,7,0,0,H
8,1,7,1,0,H
8,1,7,2,0,H
8,1,7,3,0,H
8,1,7,4,0,H
8,1,7,5,0,H
8,1,7,6,0,H
8,1,7,7,0,H
8,1,7,8,0,H
8,1,7,9,0,H
8,1,7,10,0,H
8,1,8,-5,0,H
8,1,8,-4,0,H
8,1,8,-3,0,H
8,1,8,-2,0,H
8,1,8,-1,0,H
8,1,8,0,0,H
8,1,8,1,0,H
8,1,8,2,0,H
8,1,8,3,0,H
8,1,8,4,0,H
8,1,8,5,0,H
8,1,8,6,0,H
8,1,8,7,0,H
8,1,8,8,0,H
8,1,8,9,0,H
8,1,8,10,0,H
8,1,9,-5,0,H
8,1,9,-4,0,H
8,1,9,-3,0,H
8,1,9,-2,0,H
8,1,9,-1,0,H
8,1,9,0,0,H
8,1,9,1,0,H
8,1,9,2,0,H
8,1,9,3,0,H
8,1,9,4,0,H
8,1,9,5,0,H
8,1,9,6,0,H
8,1,9,7,0,H
8,1,9,8,0,H
8,1,9,9,0,H
8,1,9,10,0,H
8,1,10,-5,0,H
8,1,10,-4,0,H
8,1,10,-3,0,H
8,1,10,-2,0,H
8,1,10,-1,0,H
8,1,10,0,0,H
8,1,10,1,0,H
8,1,10,2,0,H
8,1,10,3,0,H
8,1,10,4,0,H
8,1,10,5,0,H
8,1,10,6,0,H
8,1,10,7,0,H
8,1,10,8,0,H
8,1,10,9,0,H
8,1,10,10,0,H
8,1,11,-5,0,H
8,1,11,-4,0,H
8,1,11,-3,0,H
8,1,11,-2,0,H
8,1,11,-1,0,H
8,1,11,0,0,H
8,1,11,1,0,H
8,1,11,2,0,H
8,1,11,3,0,H
8,1,11,4,0,H
8,1,11,5,0,H
8,1,11,6,0,H
8,1,11,7,0,H
8,1,11,8,0,H
8,1,11,9,0,H
8,1,11,10,0,H
9,0,2,-5,1,H
9,0,2,-4,1,H
9,0,2,-3,1,H
9,0,2,-2,1,H
9,0,2,-1,1,H
9,0,2,0,1,H
9,0,2,1,1,D
9,0,2,2,1,D
9,0,2,3,1,D
9,0,2,4,1,D
9,0,2,5,1,D
9,0,2,6,1,D
9,0,2,7,1,D
9,0,2,8,1,D
9,0,2,9,1,D
9,0,2,10,1,D
9,0,3,-5,1,D
9,0,3,-4,1,D
9,0,3,-3,1,D
9,0,3,-2,1,D
9,0,3,-1,1,D
9,0,3,0,1,D
9,0,3,1,1,D
9,0,3,2,1,D
9,0,3,3,1,D
9,0,3,4,1,D
9,0,3,5,1,D
9,0,3,6,1,D
9,0,3,7,1,D
9,0,3,8,1,D
9,0,3,9,1,D
9,0,3,10,1,D
9,0,4,-5,1,D
9,0,4,-4,1,D
9,0,4,-3,1,D
9,0,4,-2,1,D
9,0,4,-1,1,D
9,0,4,0,1,D
9,0,4,1,1,D
9,0,4,2,1,D
9,0,4,3,1,D
9,0,4,4,1,D
9,0,4,5,1,D
9,0,4,6,1,D
9,0,4,7,1,D
9,0,4,8,1,D
9,0,4,9,1,D
9,0,4,10,1,D
9,0,5,-5,1,D
9,0,5,-4,1,D
9,0,5,-3,1,D
9,0,5,-2,1,D
9,0,5,-1,1,D
9,0,5,0,1,D
9,0,5,1,1,D
9,0,5,2,1,D
9,0,5,3,1,D
9,0,5,4,1,D
9,0,5,5,1,D
9,0,5,6,1,D
9,0,5,7,1,D
9,0,5,8,1,D
9,0,5,9,1,D
9,0,5,10,1,D
9,0,6,-5,1,D
9,0,6,-4,1,D
9,0,6,-3,1,D
9,0,6,-2,1,D
9,0,6,-1,1,D
9,0,6,0,1,D
9,0,6,1,1,D
9,0,6,2,1,D
9,0,6,3,1,D
9,0,6,4,1,D
9,0,6,5,1,D
9,0,6,6,1,D
9,0,6,7,1,D
9,0,6,8,1,D
9,0,6,9,1,D
9,0,6,10,1,D
9,0,7,-5,1,H
9,0,7,-4,1,H
9,0,7,-3,1,H
9,0,7,-2,1,H
9,0,7,-1,1,H
9,0,7,0,1,H
9,0,7,1,1,H
9,0,7,2,1,H
9,0,7,3,1,D
9,0,7,4,1,D
9,0,7,5,1,D
9,0,7,6,1,D
9,0,7,7,1,D
9,0,7,8,1,D
9,0,7,9,1,D
9,0,7,10,1,D
9,0,8,-5,1,H
9,0,8,-4,1,H
9,0,8,-3,1,H
9,0,8,-2,1,H
9,0,8,-1,1,H
9,0,8,0,1,H
9,0,8,1,1,H
9,0,8,2,1,H
9,0,8,3,1,H
9,0,8,4,1,H
9,0,8,5,1,H
9,0,8,6,1,H
9,0,8,7,1,H
9,0,8,8,1,H
9,0,8,9,1,H
9,0,8,10,1,H
9,0,9,-5,1,H
9,0,9,-4,1,H
9,0,9,-3,1,H
9,0,9,-2,1,H
9,0,9,-1,1,H
9,0,9,0,1,H
9,0,9,1,1,H
9,0,9,2,1,H
9,0,9,3,1,H
9,0,9,4,1,H
9,0,9,5,1,H
9,0,9,6,1,H
9,0,9,7,1,H
9,0,9,8,1,H
9,0,9,9,1,H
9,0,9,10,1,H
9,0,10,-5,1,H
9,0,10,-4,1,H
9,0,10,-3,1,H
9,0,10,-2,1,H
9,0,10,-1,1,H
9,0,10,0,1,H
9,0,10,1,1,H
9,0,10,2,1,H
9,0,10,3,1,H
9,0,10,4,1,H
9,0,10,5,1,H
9,0,10,6,1,H
9,0,10,7,1,H
9,0,10,8,1,H
9,0,10,9,1,H
9,0,10,10,1,H
9,0,11,-5,1,H
9,0,11,-4,1,H
9,0,11,-3,1,H
9,0,11,-2,1,H
9,0,11,-1,1,H
9,0,11,0,1,H
9,0,11,1,1,H
9,0,11,2,1,H
9,0,11,3,1,H
9,0,11,4,1,H
9,0,11,5,1,H
9,0,11,6,1,H
9,0,11,7,1,H
9,0,11,8,1,H
9,0,11,9,1,H
9,0,11,10,1,H
9,1,2,-5,0,H
9,1,2,-4,0,H
9,1,2,-3,0,H
9,1,2,-2,0,H
9,1,2,-1,0,H
9,1,2,0,0,H
9,1,2,1,0,H
9,1,2,2,0,H
9,1,2,3,0,H
9,1,2,4,0,H
9,1,2,5,0,H
9,1,2,6,0,H
9,1,2,7,0,H
9,1,2,8,0,H
9,1,2,9,0,H
9,1,2,10,0,H
9,1,3,-5,0,H
9,1,3,-4,0,H
9,1,3,-3,0,H
9,1,3,-2,0,H
9,1,3,-1,0,H
9,1,3,0,0,H
9,1,3,1,0,H
9,1,3,2,0,H
9,1,3,3,0,H
9,1,3,4,0,H
9,1,3,5,0,H
9,1,3,6,0,H
9,1,3,7,0,H
9,1,3,8,0,H
9,1,3,9,0,H
9,1,3,10,0,H
9,1,4,-5,0,H
9,1,4,-4,0,H
9,1,4,-3,0,H
9,1,4,-2,0,H
9,1,4,-1,0,H
9,1,4,0,0,H
9,1,4,1,0,H
9,1,4,2,0,H
9,1,4,3,0,H
9,1,4,4,0,H
9,1,4,5,0,H
9,1,4,6,0,H
9,1,4,7,0,H
9,1,4,8,0,H
9,1,4,9,0,H
9,1,4,10,0,H
9,1,5,-5,0,S
9,1,5,-4,0,S
9,1,5,-3,0,S
9,1,5,-2,0,S
9,1,5,-1,0,S
9,1,5,0,0,S
9,1,5,1,0,S
9,1,5,2,0,S
9,1,5,3,0,S
9,1,5,4,0,S
9,1,5,5,0,S
9,1,5,6,0,S
9,1,5,7,0,S
9,1,5,8,0,S
9,1,5,9,0,S
9,1,5,10,0,S
9,1,6,-5,0,S
9,1,6,-4,0,S
9,1,6,-3,0,S
9,1,6,-2,0,S
9,1,6,-1,0,S
9,1,6,0,0,S
9,1,6,1,0,S
9,1,6,2,0,S
9,1,6,3,0,S
9,1,6,4,0,S
9,1,6,5,0,S
9,1,6,6,0,S
9,1,6,7,0,S
9,1,6,8,0,S
9,1,6,9,0,S
9,1,6,10,0,S
9,1,7,-5,0,H
9,1,7,-4,0,H
9,1,7,-3,0,H
9,1,7,-2,0,H
9,1,7,-1,0,H
9,1,7,0,0,H
9,1,7,1,0,H
9,1,7,2,0,H
9,1,7,3,0,H
9,1,7,4,0,H
9,1,7,5,0,H
9,1,7,6,0,H
9,1,7,7,0,H
9,1,7,8,0,H
9,1,7,9,0,H
9,1,7,10,0,H
9,1,8,-5,0,H
9,1,8,-4,0,H
9,1,8,-3,0,H
9,1,8,-2,0,H
9,1,8,-1,0,H
9,1,8,0,0,H
9,1,8,1,0,H
9,1,8,2,0,H
9,1,8,3,0,H
9,1,8,4,0,H
9,1,8,5,0,H
9,1,8,6,0,H
9,1,8,7,0,H
9,1,8,8,0,H
9,1,8,9,0,H
9,1,8,10,0,H
9,1,9,-5,0,H
9,1,9,-4,0,H
9,1,9,-3,0,H
9,1,9,-2,0,H
9,1,9,-1,0,H
9,1,9,0,0,H
9,1,9,1,0,H
9,1,9,2,0,H
9,1,9,3,0,H
9,1,9,4,0,H
9,1,9,5,0,H
9,1,9,6,0,H
9,1,9,7,0,H
9,1,9,8,0,H
9,1,9,9,0,H
9,1,9,10,0,H
9,1,10,-5,0,H
9,1,10,-4,0,H
9,1,10,-3,0,H
9,1,10,-2,0,H
9,1,10,-1,0,H
9,1,10,0,0,H
9,1,10,1,0,H
9,1,10,2,0,H
9,1,10,3,0,H
9,1,10,4,0,H
9,1,10,5,0,H
9,1,10,6,0,H
9,1,10,7,0,H
9,1,10,8,0,H
9,1,10,9,0,H
9,1,10,10,0,H
9,1,11,-5,0,H
9,1,11,-4,0,H
9,1,11,-3,0,H
9,1,11,-2,0,H
9,1,11,-1,0,H
9,1,11,0,0,H
9,1,11,1,0,H
9,1,11,2,0,H
9,1,11,3,0,H
9,1,11,4,0,H
9,1,11,5,0,H
9,1,11,6,0,H
9,1,11,7,0,H
9,1,11,8,0,H
9,1,11,9,0,H
9,1,11,10,0,H
10,0,2,-5,1,D
10,0,2,-4,1,D
10,0,2,-3,1,D
10,0,2,-2,1,D
10,0,2,-1,1,D
10,0,2,0,1,D
10,0,2,1,1,D
10,0,2,2,1,D
10,0,2,3,1,D
10,0,2,4,1,D
10,0,2,5,1,D
10,0,2,6,1,D
10,0,2,7,1,D
10,0,2,8,1,D
10,0,2,9,1,D
10,0,2,10,1,D
10,0,3,-5,1,D
10,0,3,-4,1,D
10,0,3,-3,1,D
10,0,3,-2,1,D
10,0,3,-1,1,D
10,0,3,0,1,D
10,0,3,1,1,D
10,0,3,2,1,D
10,0,3,3,1,D
10,0,3,4,1,D
10,0,3,5,1,D
10,0,3,6,1,D
10,0,3,7,1,D
10,0,3,8,1,D
10,0,3,9,1,D
10,0,3,10,1,D
10,0,4,-5,1,D
10,0,4,-4,1,D
10,0,4,-3,1,D
10,0,4,-2,1,D
10,0,4,-1,1,D
10,0,4,0,1,D
10,0,4,1,1,D
10,0,4,2,1,D
10,0,4,3,1,D
10,0,4,4,1,D
10,0,4,5,1,D
10,0,4,6,1,D
10,0,4,7,1,D
10,0,4,8,1,D
10,0,4,9,1,D
10,0,4,10,1,D
10,0,5,-5,1,D
10,0,5,-4,1,D
10,0,5,-3,1,D
10,0,5,-2,1,D
10,0,5,-1,1,D
10,0,5,0,1,D
10,0,5,1,1,D
10,0,5,2,1,D
10,0,5,3,1,D
10,0,5,4,1,D
10,0,5,5,1,D
10,0,5,6,1,D
10,0,5,7,1,D
10,0,5,8,1,D
10,0,5,9,1,D
10,0,5,10,1,D
10,0,6,-5,1,D
10,0,6,-4,1,D
10,0,6,-3,1,D
10,0,6,-2,1,D
10,0,6,-1,1,D
10,0,6,0,1,D
10,0,6,1,1,D
10,0,6,2,1,D
10,0,6,3,1,D
10,0,6,4,1,D
10,0,6,5,1,D
10,0,6,6,1,D
10,0,6,7,1,D
10,0,6,8,1,D
10,0,6,9,1,D
10,0,6,10,1,D
10,0,7,-5,1,D
10,0,7,-4,1,D
10,0,7,-3,1,D
10,0,7,-2,1,D
10,0,7,-1,1,D
10,0,7,0,1,D
10,0,7,1,1,D
10,0,7,2,1,D
10,0,7,3,1,D
10,0,7,4,1,D
10,0,7,5,1,D
10,0,7,6,1,D
10,0,7,7,1,D
10,0,7,8,1,D
10,0,7,9,1,D
10,0,7,10,1,D
10,0,8,-5,1,D
10,0,8,-4,1,D
10,0,8,-3,1,D
10,0,8,-2,1,D
10,0,8,-1,1,D
10,0,8,0,1,D
10,0,8,1,1,D
10,0,8,2,1,D
10,0,8,3,1,D
10,0,8,4,1,D
10,0,8,5,1,D
10,0,8,6,1,D
10,0,8,7,1,D
10,0,8,8,1,D
10,0,8,9,1,D
10,0,8,10,1,D
10,0,9,-5,1,D
10,0,9,-4,1,D
10,0,9,-3,1,D
10,0,9,-2,1,D
10,0,9,-1,1,D
10,0,9,0,1,D
10,0,9,1,1,D
10,0,9,2,1,D
10,0,9,3,1,D
10,0,9,4,1,D
10,0,9,5,1,D
10,0,9,6,1,D
10,0,9,7,1,D
10,0,9,8,1,D
10,0,9,9,1,D
10,0,9,10,1,D
10,0,10,-5,1,H
10,0,10,-4,1,H
10,0,10,-3,1,H
10,0,10,-2,1,H
10,0,10,-1,1,H
10,0,10,0,1,H
10,0,10,1,1,H
10,0,10,2,1,H
10,0,10,3,1,H
10,0,10,4,1,D
10,0,10,5,1,D
10,0,10,6,1,D
10,0,10,7,1,D
10,0,10,8,1,D
10,0,10,9,1,D
10,0,10,10,1,D
10,0,11,-5,1,H
10,0,11,-4,1,H
10,0,11,-3,1,H
10,0,11,-2,1,H
10,0,11,-1,1,H
10,0,11,0,1,H
10,0,11,1,1,H
10,0,11,2,1,H
10,0,11,3,1,D
10,0,11,4,1,D
10,0,11,5,1,D
10,0,11,6,1,D
10,0,11,7,1,D
10,0,11,8,1,D
10,0,11,9,1,D
10,0,11,10,1,D
10,1,2,-5,0,H
10,1,2,-4,0,H
10,1,2,-3,0,H
10,1,2,-2,0,H
10,1,2,-1,0,H
10,1,2,0,0,H
10,1,2,1,0,H
10,1,2,2,0,H
10,1,2,3,0,H
10,1,2,4,0,H
10,1,2,5,0,H
10,1,2,6,0,H
10,1,2,7,0,H
10,1,2,8,0,H
10,1,2,9,0,H
10,1,2,10,0,H
10,1,3,-5,0,H
10,1,3,-4,0,H
10,1,3,-3,0,H
10,1,3,-2,0,H
10,1,3,-1,0,H
10,1,3,0,0,H
10,1,3,1,0,H
10,1,3,2,0,H
10,1,3,3,0,H
10,1,3,4,0,H
10,1,3,5,0,H
10,1,3,6,0,H
10,1,3,7,0,H
10,1,3,8,0,H
10,1,3,9,0,H
10,1,3,10,0,H
10,1,4,-5,0,H
10,1,4,-4,0,H
10,1,4,-3,0,H
10,1,4,-2,0,H
10,1,4,-1,0,H
10,1,4,0,0,H
10,1,4,1,0,H
10,1,4,2,0,H
10,1,4,3,0,H
10,1,4,4,0,H
10,1,4,5,0,H
10,1,4,6,0,H
10,1,4,7,0,H
10,1,4,8,0,H
10,1,4,9,0,H
10,1,4,10,0,H
10,1,5,-5,0,S
10,1,5,-4,0,S
10,1,5,-3,0,S
10,1,5,-2,0,S
10,1,5,-1,0,S
10,1,5,0,0,S
10,1,5,1,0,S
10,1,5,2,0,S
10,1,5,3,0,S
10,1,5,4,0,S
10,1,5,5,0,S
10,1,5,6,0,S
10,1,5,7,0,S
10,1,5,8,0,S
10,1,5,9,0,S
10,1,5,10,0,S
10,1,6,-5,0,S
10,1,6,-4,0,S
10,1,6,-3,0,S
10,1,6,-2,0,S
10,1,6,-1,0,S
10,1,6,0,0,S
10,1,6,1,0,S
10,1,6,2,0,S
10,1,6,3,0,S
10,1,6,4,0,S
10,1,6,5,0,S
10,1,6,6,0,S
10,1,6,7,0,S
10,1,6,8,0,S
10,1,6,9,0,S
10,1,6,10,0,S
10,1,7,-5,0,H
10,1,7,-4,0,H
10,1,7,-3,0,H
10,1,7,-2,0,H
10,1,7,-1,0,H
10,1,7,0,0,H
10,1,7,1,0,H
10,1,7,2,0,H
10,1,7,3,0,H
10,1,7,4,0,H
10,1,7,5,0,H
10,1,7,6,0,H
10,1,7,7,0,H
10,1,7,8,0,H
10,1,7,9,0,H
10,1,7,10,0,H
10,1,8,-5,0,H
10,1,8,-4,0,H
10,1,8,-3,0,H
10,1,8,-2,0,H
10,1,8,-1,0,H
10,1,8,0,0,H
10,1,8,1,0,H
10,1,8,2,0,H
10,1,8,3,0,H
10,1,8,4,0,H
10,1,8,5,0,H
10,1,8,6,0,H
10,1,8,7,0,H
10,1,8,8,0,H
10,1,8,9,0,H
10,1,8,10,0,H
10,1,9,-5,0,H
10,1,9,-4,0,H
10,1,9,-3,0,H
10,1,9,-2,0,H
10,1,9,-1,0,H
10,1,9,0,0,H
10,1,9,1,0,H
10,1,9,2,0,H
10,1,9,3,0,H
10,1,9,4,0,H
10,1,9,5,0,H
10,1,9,6,0,H
10,1,9,7,0,H
10,1,9,8,0,H
10,1,9,9,0,H
10,1,9,10,0,H
10,1,10,-5,0,H
10,1,10,-4,0,H
10,1,10,-3,0,H
10,1,10,-2,0,H
10,1,10,-1,0,H
10,1,10,0,0,H
10,1,10,1,0,H
10,1,10,2,0,H
10,1,10,3,0,H
10,1,10,4,0,H
10,1,10,5,0,H
10,1,10,6,0,H
10,1,10,7,0,H
10,1,10,8,0,H
10,1,10,9,0,H
10,1,10,10,0,H
10,1,11,-5,0,H
10,1,11,-4,0,H
10,1,11,-3,0,H
10,1,11,-2,0,H
10,1,11,-1,0,H
10,1,11,0,0,H
10,1,11,1,0,H
10,1,11,2,0,H
10,1,11,3,0,H
10,1,11,4,0,H
10,1,11,5,0,H
10,1,11,6,0,H
10,1,11,7,0,H
10,1,11,8,0,H
10,1,11,9,0,H
10,1,11,10,0,H
11,0,2,-5,1,D
11,0,2,-4,1,D
11,0,2,-3,1,D
11,0,2,-2,1,D
11,0,2,-1,1,D
11,0,2,0,1,D
11,0,2,1,1,D
11,0,2,2,1,D
11,0,2,3,1,D
11,0,2,4,1,D
11,0,2,5,1,D
11,0,2,6,1,D
11,0,2,7,1,D
11,0,2,8,1,D
11,0,2,9,1,D
11,0,2,10,1,D
11,0,3,-5,1,D
11,0,3,-4,1,D
11,0,3,-3,1,D
11,0,3,-2,1,D
11,0,3,-1,1,D
11,0,3,0,1,D
11,0,3,1,1,D
11,0,3,2,1,D
11,0,3,3,1,D
11,0,3,4,1,D
11,0,3,5,1,D
11,0,3,6,1,D
11,0,3,7,1,D
11,0,3,8,1,D
11,0,3,9,1,D
11,0,3,10,1,D
11,0,4,-5,1,D
11,0,4,-4,1,D
11,0,4,-3,1,D
11,0,4,-2,1,D
11,0,4,-1,1,D
11,0,4,0,1,D
11,0,4,1,1,D
11,0,4,2,1,D
11,0,4,3,1,D
11,0,4,4,1,D
11,0,4,5,1,D
11,0,4,6,1,D
11,0,4,7,1,D
11,0,4,8,1,D
11,0,4,9,1,D
11,0,4,10,1,D
11,0,5,-5,1,D
11,0,5,-4,1,D
11,0,5,-3,1,D
11,0,5,-2,1,D
11,0,5,-1,1,D
11,0,5,0,1,D
11,0,5,1,1,D
11,0,5,2,1,D
11,0,5,3,1,D
11,0,5,4,1,D
11,0,5,5,1,D
11,0,5,6,1,D
11,0,5,7,1,D
11,0,5,8,1,D
11,0,5,9,1,D
11,0,5,10,1,D
11,0,6,-5,1,D
11,0,6,-4,1,D
11,0,6,-3,1,D
11,0,6,-2,1,D
11,0,6,-1,1,D
11,0,6,0,1,D
11,0,6,1,1,D
11,0,6,2,1,D
11,0,6,3,1,D
11,0,6,4,1,D
11,0,6,5,1,D
11,0,6,6,1,D
11,0,6,7,1,D
11,0,6,8,1,D
11,0,6,9,1,D
11,0,6,10,1,D
11,0,7,-5,1,D
11,0,7,-4,1,D
11,0,7,-3,1,D
11,0,7,-2,1,D
11,0,7,-1,1,D
11,0,7,0,1,D
11,0,7,1,1,D
11,0,7,2,1,D
11,0,7,3,1,D
11,0,7,4,1,D
11,0,7,5,1,D
11,0,7,6,1,D
11,0,7,7,1,D
11,0,7,8,1,D
11,0,7,9,1,D
11,0,7,10,1,D
11,0,8,-5,1,D
11,0,8,-4,1,D
11,0,8,-3,1,D
11,0,8,-2,1,D
11,0,8,-1,1,D
11,0,8,0,1,D
11,0,8,1,1,D
11,0,8,2,1,D
11,0,8,3,1,D
11,0,8,4,1,D
11,0,8,5,1,D
11,0,8,6,1,D
11,0,8,7,1,D
11,0,8,8,1,D
11,0,8,9,1,D
11,0,8,10,1,D
11,0,9,-5,1,D
11,0,9,-4,1,D
11,0,9,-3,1,D
11,0,9,-2,1,D
11,0,9,-1,1,D
11,0,9,0,1,D
11,0,9,1,1,D
11,0,9,2,1,D
11,0,9,3,1,D
11,0,9,4,1,D
11,0,9,5,1,D
11,0,9,6,1,D
11,0,9,7,1,D
11,0,9,8,1,D
11,0,9,9,1,D
11,0,9,10,1,D
11,0,10,-5,1,D
11,0,10,-4,1,D
11,0,10,-3,1,D
11,0,10,-2,1,D
11,0,10,-1,1,D
11,0,10,0,1,D
11,0,10,1,1,D
11,0,10,2,1,D
11,0,10,3,1,D
11,0,10,4,1,D
11,0,10,5,1,D
11,0,10,6,1,D
11,0,10,7,1,D
11,0,10,8,1,D
11,0,10,9,1,D
11,0,10,10,1,D
11,0,11,-5,1,H
11,0,11,-4,1,H
11,0,11,-3,1,H
11,0,11,-2,1,H
11,0,11,-1,1,H
11,0,11,0,1,H
11,0,11,1,1,D
11,0,11,2,1,D
11,0,11,3,1,D
11,0,11,4,1,D
11,0,11,5,1,D
11,0,11,6,1,D
11,0,11,7,1,D
11,0,11,8,1,D
11,0,11,9,1,D
11,0,11,10,1,D
11,1,2,-5,0,H
11,1,2,-4,0,H
11,1,2,-3,0,H
11,1,2,-2,0,H
11,1,2,-1,0,H
11,1,2,0,0,H
11,1,2,1,0,H
11,1,2,2,0,H
11,1,2,3,0,H
11,1,2,4,0,H
11,1,2,5,0,H
11,1,2,6,0,H
11,1,2,7,0,H
11,1,2,8,0,H
11,1,2,9,0,H
11,1,2,10,0,H
11,1,3,-5,0,H
11,1,3,-4,0,H
11,1,3,-3,0,H
11,1,3,-2,0,H
11,1,3,-1,0,H
11,1,3,0,0,H
11,1,3,1,0,H
11,1,3,2,0,H
11,1,3,3,0,H
11,1,3,4,0,H
11,1,3,5,0,H
11,1,3,6,0,H
11,1,3,7,0,H
11,1,3,8,0,H
11,1,3,9,0,H
11,1,3,10,0,H
11,1,4,-5,0,H
11,1,4,-4,0,H
11,1,4,-3,0,H
11,1,4,-2,0,H
11,1,4,-1,0,H
11,1,4,0,0,H
11,1,4,1,0,H
11,1,4,2,0,H
11,1,4,3,0,H
11,1,4,4,0,H
11,1,4,5,0,H
11,1,4,6,0,H
11,1,4,7,0,H
11,1,4,8,0,H
11,1,4,9,0,H
11,1,4,10,0,H
11,1,5,-5,0,S
11,1,5,-4,0,S
11,1,5,-3,0,S
11,1,5,-2,0,S
11,1,5,-1,0,S
11,1,5,0,0,S
11,1,5,1,0,S
11,1,5,2,0,S
11,1,5,3,0,S
11,1,5,4,0,S
11,1,5,5,0,S
11,1,5,6,0,S
11,1,5,7,0,S
11,1,5,8,0,S
11,1,5,9,0,S
11,1,5,10,0,S
11,1,6,-5,0,S
11,1,6,-4,0,S
11,1,6,-3,0,S
11,1,6,-2,0,S
11,1,6,-1,0,S
11,1,6,0,0,S
11,1,6,1,0,S
11,1,6,2,0,S
11,1,6,3,0,S
11,1,6,4,0,S
11,1,6,5,0,S
11,1,6,6,0,S
11,1,6,7,0,S
11,1,6,8,0,S
11,1,6,9,0,S
11,1,6,10,0,S
11,1,7,-5,0,H
11,1,7,-4,0,H
11,1,7,-3,0,H
11,1,7,-2,0,H
11,1,7,-1,0,H
11,1,7,0,0,H
11,1,7,1,0,H
11,1,7,2,0,H
11,1,7,3,0,H
11,1,7,4,0,H
11,1,7,5,0,H
11,1,7,6,0,H
11,1,7,7,0,H
11,1,7,8,0,H
11,1,7,9,0,H
11,1,7,10,0,H
11,1,8,-5,0,H
11,1,8,-4,0,H
11,1,8,-3,0,H
11,1,8,-2,0,H
11,1,8,-1,0,H
11,1,8,0,0,H
11,1,8,1,0,H
11,1,8,2,0,H
11,1,8,3,0,H
11,1,8,4,0,H
11,1,8,5,0,H
11,1,8,6,0,H
11,1,8,7,0,H
11,1,8,8,0,H
11,1,8,9,0,H
11,1,8,10,0,H
11,1,9,-5,0,H
11,1,9,-4,0,H
11,1,9,-3,0,H
11,1,9,-2,0,H
11,1,9,-1,0,H
11,1,9,0,0,H
11,1,9,1,0,H
11,1,9,2,0,H
11,1,9,3,0,H
11,1,9,4,0,H
11,1,9,5,0,H
11,1,9,6,0,H
11,1,9,7,0,H
11,1,9,8,0,H
11,1,9,9,0,H
11,1,9,10,0,H
11,1,10,-5,0,H
11,1,10,-4,0,H
11,1,10,-3,0,H
11,1,10,-2,0,H
11,1,10,-1,0,H
11,1,10,0,0,H
11,1,10,1,0,H
11,1,10,2,0,H
11,1,10,3,0,H
11,1,10,4,0,H
11,1,10,5,0,H
11,1,10,6,0,H
11,1,10,7,0,H
11,1,10,8,0,H
11,1,10,9,0,H
11,1,10,10,0,H
11,1,11,-5,0,H
11,1,11,-4,0,H
11,1,11,-3,0,H
11,1,11,-2,0,H
11,1,11,-1,0,H
11,1,11,0,0,H
11,1,11,1,0,H
11,1,11,2,0,H
11,1,11,3,0,H
11,1,11,4,0,H
11,1,11,5,0,H
11,1,11,6,0,H
11,1,11,7,0,H
11,1,11,8,0,H
11,1,11,9,0,H
11,1,11,10,0,H
12,0,2,-5,0,H
12,0,2,-4,0,H
12,0,2,-3,0,H
12,0,2,-2,0,H
12,0,2,-1,0,H
12,0,2,0,0,H
12,0,2,1,0,H
12,0,2,2,0,H
12,0,2,3,0,H
12,0,2,4,0,H
12,0,2,5,0,H
12,0,2,6,0,H
12,0,2,7,0,H
12,0,2,8,0,H
12,0,2,9,0,H
12,0,2,10,0,H
12,0,3,-5,0,H
12,0,3,-4,0,H
12,0,3,-3,0,H
12,0,3,-2,0,H
12,0,3,-1,0,H
12,0,3,0,0,H
12,0,3,1,0,H
12,0,3,2,0,H
12,0,3,3,0,H
12,0,3,4,0,H
12,0,3,5,0,H
12,0,3,6,0,H
12,0,3,7,0,H
12,0,3,8,0,H
12,0,3,9,0,H
12,0,3,10,0,H
12,0,4,-5,0,S
12,0,4,-4,0,S
12,0,4,-3,0,S
12,0,4,-2,0,S
12,0,4,-1,0,S
12,0,4,0,0,S
12,0,4,1,0,S
12,0,4,2,0,S
12,0,4,3,0,S
12,0,4,4,0,S
12,0,4,5,0,S
12,0,4,6,0,S
12,0,4,7,0,S
12,0,4,8,0,S
12,0,4,9,0,S
12,0,4,10,0,S
12,0,5,-5,0,S
12,0,5,-4,0,S
12,0,5,-3,0,S
12,0,5,-2,0,S
12,0,5,-1,0,S
12,0,5,0,0,S
12,0,5,1,0,S
12,0,5,2,0,S
12,0,5,3,0,S
12,0,5,4,0,S
12,0,5,5,0,S
12,0,5,6,0,S
12,0,5,7,0,S
12,0,5,8,0,S
12,0,5,9,0,S
12,0,5,10,0,S
12,0,6,-5,0,S
12,0,6,-4,0,S
12,0,6,-3,0,S
12,0,6,-2,0,S
12,0,6,-1,0,S
12,0,6,0,0,S
12,0,6,1,0,S
12,0,6,2,0,S
12,0,6,3,0,S
12,0,6,4,0,S
12,0,6,5,0,S
12,0,6,6,0,S
12,0,6,7,0,S
12,0,6,8,0,S
12,0,6,9,0,S
12,0,6,10,0,S
12,0,7,-5,0,H
12,0,7,-4,0,H
12,0,7,-3,0,H
12,0,7,-2,0,H
12,0,7,-1,0,H
12,0,7,0,0,H
12,0,7,1,0,H
12,0,7,2,0,H
12,0,7,3,0,H
12,0,7,4,0,H
12,0,7,5,0,H
12,0,7,6,0,H
12,0,7,7,0,H
12,0,7,8,0,H
12,0,7,9,0,H
12,0,7,10,0,H
12,0,8,-5,0,H
12,0,8,-4,0,H
12,0,8,-3,0,H
12,0,8,-2,0,H
12,0,8,-1,0,H
12,0,8,0,0,H
12,0,8,1,0,H
12,0,8,2,0,H
12,0,8,3,0,H
12,0,8,4,0,H
12,0,8,5,0,H
12,0,8,6,0,H
12,0,8,7,0,H
12,0,8,8,0,H
12,0,8,9,0,H
12,0,8,10,0,H
12,0,9,-5,0,H
12,0,9,-4,0,H
12,0,9,-3,0,H
12,0,9,-2,0,H
12,0,9,-1,0,H
12,0,9,0,0,H
12,0,9,1,0,H
12,0,9,2,0,H
12,0,9,3,0,H
12,0,9,4,0,H
12,0,9,5,0,H
12,0,9,6,0,H
12,0,9,7,0,H
12,0,9,8,0,H
12,0,9,9,0,H
12,0,9,10,0,H
12,0,10,-5,0,H
12,0,10,-4,0,H
12,0,10,-3,0,H
12,0,10,-2,0,H
12,0,10,-1,0,H
12,0,10,0,0,H
12,0,10,1,0,H
12,0,10,2,0,H
12,0,10,3,0,H
12,0,10,4,0,H
12,0,10,5,0,H
12,0,10,6,0,H
12,0,10,7,0,H
12,0,10,8,0,H
12,0,10,9,0,H
12,0,10,10,0,H
12,0,11,-5,0,H
12,0,11,-4,0,H
12,0,11,-3,0,H
12,0,11,-2,0,H
12,0,11,-1,0,H
12,0,11,0,0,H
12,0,11,1,0,H
12,0,11,2,0,H
12,0,11,3,0,H
12,0,11,4,0,H
12,0,11,5,0,H
12,0,11,6,0,H
12,0,11,7,0,H
12,0,11,8,0,H
12,0,11,9,0,H
12,0,11,10,0,H
12,1,2,-5,0,H
12,1,2,-4,0,H
12,1,2,-3,0,H
12,1,2,-2,0,H
12,1,2,-1,0,H
12,1,2,0,0,H
12,1,2,1,0,H
12,1,2,2,0,H
12,1,2,3,0,H
12,1,2,4,0,H
12,1,2,5,0,H
12,1,2,6,0,H
12,1,2,7,0,H
12,1,2,8,0,H
12,1,2,9,0,H
12,1,2,10,0,H
12,1,3,-5,0,H
12,1,3,-4,0,H
12,1,3,-3,0,H
12,1,3,-2,0,H
12,1,3,-1,0,H
12,1,3,0,0,H
12,1,3,1,0,H
12,1,3,2,0,H
12,1,3,3,0,H
12,1,3,4,0,H
12,1,3,5,0,H
12,1,3,6,0,H
12,1,3,7,0,H
12,1,3,8,0,H
12,1,3,9,0,H
12,1,3,10,0,H
12,1,4,-5,0,H
12,1,4,-4,0,H
12,1,4,-3,0,H
12,1,4,-2,0,H
12,1,4,-1,0,H
12,1,4,0,0,H
12,1,4,1,0,H
12,1,4,2,0,H
12,1,4,3,0,H
12,1,4,4,0,H
12,1,4,5,0,H
12,1,4,6,0,H
12,1,4,7,0,H
12,1,4,8,0,H
12,1,4,9,0,H
12,1,4,10,0,H
12,1,5,-5,0,S
12,1,5,-4,0,S
12,1,5,-3,0,S
12,1,5,-2,0,S
12,1,5,-1,0,S
12,1,5,0,0,S
12,1,5,1,0,S
12,1,5,2,0,S
12,1,5,3,0,S
12,1,5,4,0,S
12,1,5,5,0,S
12,1,5,6,0,S
12,1,5,7,0,S
12,1,5,8,0,S
12,1,5,9,0,S
12,1,5,10,0,S
12,1,6,-5,0,S
12,1,6,-4,0,S
12,1,6,-3,0,S
12,1,6,-2,0,S
12,1,6,-1,0,S
12,1,6,0,0,S
12,1,6,1,0,S
12,1,6,2,0,S
12,1,6,3,0,S
12,1,6,4,0,S
12,1,6,5,0,S
12,1,6,6,0,S
12,1,6,7,0,S
12,1,6,8,0,S
12,1,6,9,0,S
12,1,6,10,0,S
12,1,7,-5,0,H
12,1,7,-4,0,H
12,1,7,-3,0,H
12,1,7,-2,0,H
12,1,7,-1,0,H
12,1,7,0,0,H
12,1,7,1,0,H
12,1,7,2,0,H
12,1,7,3,0,H
12,1,7,4,0,H
12,1,7,5,0,H
12,1,7,6,0,H
12,1,7,7,0,H
12,1,7,8,0,H
12,1,7,9,0,H
12,1,7,10,0,H
12,1,8,-5,0,H
12,1,8,-4,0,H
12,1,8,-3,0,H
12,1,8,-2,0,H
12,1,8,-1,0,H
12,1,8,0,0,H
12,1,8,1,0,H
12,1,8,2,0,H
12,1,8,3,0,H
12,1,8,4,0,H
12,1,8,5,0,H
12,1,8,6,0,H
12,1,8,7,0,H
12,1,8,8,0,H
12,1,8,9,0,H
12,1,8,10,0,H
12,1,9,-5,0,H
12,1,9,-4,0,H
12,1,9,-3,0,H
12,1,9,-2,0,H
12,1,9,-1,0,H
12,1,9,0,0,H
12,1,9,1,0,H
12,1,9,2,0,H
12,1,9,3,0,H
12,1,9,4,0,H
12,1,9,5,0,H
12,1,9,6,0,H
12,1,9,7,0,H
12,1,9,8,0,H
12,1,9,9,0,H
12,1,9,10,0,H
12,1,10,-5,0,H
12,1,10,-4,0,H
12,1,10,-3,0,H
12,1,10,-2,0,H
12,1,10,-1,0,H
12,1,10,0,0,H
12,1,10,1,0,H
12,1,10,2,0,H
12,1,10,3,0,H
12,1,10,4,0,H
12,1,10,5,0,H
12,1,10,6,0,H
12,1,10,7,0,H
12,1,10,8,0,H
12,1,10,9,0,H
12,1,10,10,0,H
12,1,11,-5,0,H
12,1,11,-4,0,H
12,1,11,-3,0,H
12,1,11,-2,0,H
12,1,11,-1,0,H
12,1,11,0,0,H
12,1,11,1,0,H
12,1,11,2,0,H
12,1,11,3,0,H
12,1,11,4,0,H
12,1,11,5,0,H
12,1,11,6,0,H
12,1,11,7,0,H
12,1,11,8,0,H
12,1,11,9,0,H
12,1,11,10,0,H
13,0,2,-5,0,S
13,0,2,-4,0,S
13,0,2,-3,0,S
13,0,2,-2,0,S
13,0,2,-1,0,S
13,0,2,0,0,S
13,0,2,1,0,S
13,0,2,2,0,S
13,0,2,3,0,S
13,0,2,4,0,S
13,0,2,5,0,S
13,0,2,6,0,S
13,0,2,7,0,S
13,0,2,8,0,S
13,0,2,9,0,S
13,0,2,10,0,S
13,0,3,-5,0,S
13,0,3,-4,0,S
13,0,3,-3,0,S
13,0,3,-2,0,S
13,0,3,-1,0,S
13,0,3,0,0,S
13,0,3,1,0,S
13,0,3,2,0,S
13,0,3,3,0,S
13,0,3,4,0,S
13,0,3,5,0,S
13,0,3,6,0,S
13,0,3,7,0,S
13,0,3,8,0,S
13,0,3,9,0,S
13,0,3,10,0,S
13,0,4,-5,0,S
13,0,4,-4,0,S
13,0,4,-3,0,S
13,0,4,-2,0,S
13,0,4,-1,0,S
13,0,4,0,0,S
13,0,4,1,0,S
13,0,4,2,0,S
13,0,4,3,0,S
13,0,4,4,0,S
13,0,4,5,0,S
13,0,4,6,0,S
13,0,4,7,0,S
13,0,4,8,0,S
13,0,4,9,0,S
13,0,4,10,0,S
13,0,5,-5,0,S
13,0,5,-4,0,S
13,0,5,-3,0,S
13,0,5,-2,0,S
13,0,5,-1,0,S
13,0,5,0,0,S
13,0,5,1,0,S
13,0,5,2,0,S
13,0,5,3,0,S
13,0,5,4,0,S
13,0,5,5,0,S
13,0,5,6,0,S
13,0,5,7,0,S
13,0,5,8,0,S
13,0,5,9,0,S
13,0,5,10,0,S
13,0,6,-5,0,S
13,0,6,-4,0,S
13,0,6,-3,0,S
13,0,6,-2,0,S
13,0,6,-1,0,S
13,0,6,0,0,S
13,0,6,1,0,S
13,0,6,2,0,S
13,0,6,3,0,S
13,0,6,4,0,S
13,0,6,5,0,S
13,0,6,6,0,S
13,0,6,7,0,S
13,0,6,8,0,S
13,0,6,9,0,S
13,0,6,10,0,S
13,0,7,-5,0,H
13,0,7,-4,0,H
13,0,7,-3,0,H
13,0,7,-2,0,H
13,0,7,-1,0,H
13,0,7,0,0,H
13,0,7,1,0,H
13,0,7,2,0,H
13,0,7,3,0,H
13,0,7,4,0,H
13,0,7,5,0,H
13,0,7,6,0,H
13,0,7,7,0,H
13,0,7,8,0,H
13,0,7,9,0,H
13,0,7,10,0,H
13,0,8,-5,0,H
13,0,8,-4,0,H
13,0,8,-3,0,H
13,0,8,-2,0,H
13,0,8,-1,0,H
13,0,8,0,0,H
13,0,8,1,0,H
13,0,8,2,0,H
13,0,8,3,0,H
13,0,8,4,0,H
13,0,8,5,0,H
13,0,8,6,0,H
13,0,8,7,0,H
13,0,8,8,0,H
13,0,8,9,0,H
13,0,8,10,0,H
13,0,9,-5,0,H
13,0,9,-4,0,H
13,0,9,-3,0,H
13,0,9,-2,0,H
13,0,9,-1,0,H
13,0,9,0,0,H
13,0,9,1,0,H
13,0,9,2,0,H
13,0,9,3,0,H
13,0,9,4,0,H
13,0,9,5,0,H
13,0,9,6,0,H
13,0,9,7,0,H
13,0,9,8,0,H
13,0,9,9,0,H
13,0,9,10,0,H
13,0,10,-5,0,H
13,0,10,-4,0,H
13,0,10,-3,0,H
13,0,10,-2,0,H
13,0,10,-1,0,H
13,0,10,0,0,H
13,0,10,1,0,H
13,0,10,2,0,H
13,0,10,3,0,H
13,0,10,4,0,H
13,0,10,5,0,H
13,0,10,6,0,H
13,0,10,7,0,H
13,0,10,8,0,H
13,0,10,9,0,H
13,0,10,10,0,H
13,0,11,-5,0,H
13,0,11,-4,0,H
13,0,11,-3,0,H
13,0,11,-2,0,H
13,0,11,-1,0,H
13,0,11,0,0,H
13,0,11,1,0,H
13,0,11,2,0,H
13,0,11,3,0,H
13,0,11,4,0,H
13,0,11,5,0,H
13,0,11,6,0,H
13,0,11,7,0,H
13,0,11,8,0,H
13,0,11,9,0,H
13,0,11,10,0,H
13,1,2,-5,0,H
13,1,2,-4,0,H
13,1,2,-3,0,H
13,1,2,-2,0,H
13,1,2,-1,0,H
13,1,2,0,0,H
13,1,2,1,0,H
13,1,2,2,0,H
13,1,2,3,0,H
13,1,2,4,0,H
13,1,2,5,0,H
13,1,2,6,0,H
13,1,2,7,0,H
13,1,2,8,0,H
13,1,2,9,0,H
13,1,2,10,0,H
13,1,3,-5,0,H
13,1,3,-4,0,H
13,1,3,-3,0,H
13,1,3,-2,0,H
13,1,3,-1,0,H
13,1,3,0,0,H
13,1,3,1,0,H
13,1,3,2,0,H
13,1,3,3,0,H
13,1,3,4,0,H
13,1,3,5,0,H
13,1,3,6,0,H
13,1,3,7,0,H
13,1,3,8,0,H
13,1,3,9,0,H
13,1,3,10,0,H
13,1,4,-5,0,H
13,1,4,-4,0,H
13,1,4,-3,0,H
13,1,4,-2,0,H
13,1,4,-1,0,H
13,1,4,0,0,H
13,1,4,1,0,H
13,1,4,2,0,H
13,1,4,3,0,H
13,1,4,4,0,H
13,1,4,5,0,H
13,1,4,6,0,H
13,1,4,7,0,H
13,1,4,8,0,H
13,1,4,9,0,H
13,1,4,10,0,H
13,1,5,-5,0,S
13,1,5,-4,0,S
13,1,5,-3,0,S
13,1,5,-2,0,S
13,1,5,-1,0,S
13,1,5,0,0,S
13,1,5,1,0,S
13,1,5,2,0,S
13,1,5,3,0,S
13,1,5,4,0,S
13,1,5,5,0,S
13,1,5,6,0,S
13,1,5,7,0,S
13,1,5,8,0,S
13,1,5,9,0,S
13,1,5,10,0,S
13,1,6,-5,0,S
13,1,6,-4,0,S
13,1,6,-3,0,S
13,1,6,-2,0,S
13,1,6,-1,0,S
13,1,6,0,0,S
13,1,6,1,0,S
13,1,6,2,0,S
13,1,6,3,0,S
13,1,6,4,0,S
13,1,6,5,0,S
13,1,6,6,0,S
13,1,6,7,0,S
13,1,6,8,0,S
13,1,6,9,0,S
13,1,6,10,0,S
13,1,7,-5,0,H
13,1,7,-4,0,H
13,1,7,-3,0,H
13,1,7,-2,0,H
13,1,7,-1,0,H
13,1,7,0,0,H
13,1,7,1,0,H
13,1,7,2,0,H
13,1,7,3,0,H
13,1,7,4,0,H
13,1,7,5,0,H
13,1,7,6,0,H
13,1,7,7,0,H
13,1,7,8,0,H
13,1,7,9,0,H
13,1,7,10,0,H
13,1,8,-5,0,H
13,1,8,-4,0,H
13,1,8,-3,0,H
13,1,8,-2,0,H
13,1,8,-1,0,H
13,1,8,0,0,H
13,1,8,1,0,H
13,1,8,2,0,H
13,1,8,3,0,H
13,1,8,4,0,H
13,1,8,5,0,H
13,1,8,6,0,H
13,1,8,7,0,H
13,1,8,8,0,H
13,1,8,9,0,H
13,1,8,10,0,H
13,1,9,-5,0,H
13,1,9,-4,0,H
13,1,9,-3,0,H
13,1,9,-2,0,H
13,1,9,-1,0,H
13,1,9,0,0,H
13,1,9,1,0,H
13,1,9,2,0,H
13,1,9,3,0,H
13,1,9,4,0,H
13,1,9,5,0,H
13,1,9,6,0,H
13,1,9,7,0,H
13,1,9,8,0,H
13,1,9,9,0,H
13,1,9,10,0,H
13,1,10,-5,0,H
13,1,10,-4,0,H
13,1,10,-3,0,H
13,1,10,-2,0,H
13,1,10,-1,0,H
13,1,10,0,0,H
13,1,10,1,0,H
13,1,10,2,0,H
13,1,10,3,0,H
13,1,10,4,0,H
13,1,10,5,0,H
13,1,10,6,0,H
13,1,10,7,0,H
13,1,10,8,0,H
13,1,10,9,0,H
13,1,10,10,0,H
13,1,11,-5,0,H
13,1,11,-4,0,H
13,1,11,-3,0,H
13,1,11,-2,0,H
13,1,11,-1,0,H
13,1,11,0,0,H
13,1,11,1,0,H
13,1,11,2,0,H
13,1,11,3,0,H
13,1,11,4,0,H
13,1,11,5,0,H
13,1,11,6,0,H
13,1,11,7,0,H
13,1,11,8,0,H
13,1,11,9,0,H
13,1,11,10,0,H
14,0,2,-5,0,S
14,0,2,-4,0,S
14,0,2,-3,0,S
14,0,2,-2,0,S
14,0,2,-1,0,S
14,0,2,0,0,S
14,0,2,1,0,S
14,0,2,2,0,S
14,0,2,3,0,S
14,0,2,4,0,S
14,0,2,5,0,S
14,0,2,6,0,S
14,0,2,7,0,S
14,0,2,8,0,S
14,0,2,9,0,S
14,0,2,10,0,S
14,0,3,-5,0,S
14,0,3,-4,0,S
14,0,3,-3,0,S
14,0,3,-2,0,S
14,0,3,-1,0,S
14,0,3,0,0,S
14,0,3,1,0,S
14,0,3,2,0,S
14,0,3,3,0,S
14,0,3,4,0,S
14,0,3,5,0,S
14,0,3,6,0,S
14,0,3,7,0,S
14,0,3,8,0,S
14,0,3,9,0,S
14,0,3,10,0,S
14,0,4,-5,0,S
14,0,4,-4,0,S
14,0,4,-3,0,S
14,0,4,-2,0,S
14,0,4,-1,0,S
14,0,4,0,0,S
14,0,4,1,0,S
14,0,4,2,0,S
14,0,4,3,0,S
14,0,4,4,0,S
14,0,4,5,0,S
14,0,4,6,0,S
14,0,4,7,0,S
14,0,4,8,0,S
14,0,4,9,0,S
14,0,4,10,0,S
14,0,5,-5,0,S
14,0,5,-4,0,S
14,0,5,-3,0,S
14,0,5,-2,0,S
14,0,5,-1,0,S
14,0,5,0,0,S
14,0,5,1,0,S
14,0,5,2,0,S
14,0,5,3,0,S
14,0,5,4,0,S
14,0,5,5,0,S
14,0,5,6,0,S
14,0,5,7,0,S
14,0,5,8,0,S
14,0,5,9,0,S
14,0,5,10,0,S
14,0,6,-5,0,S
14,0,6,-4,0,S
14,0,6,-3,0,S
14,0,6,-2,0,S
14,0,6,-1,0,S
14,0,6,0,0,S
14,0,6,1,0,S
14,0,6,2,0,S
14,0,6,3,0,S
14,0,6,4,0,S
14,0,6,5,0,S
14,0,6,6,0,S
14,0,6,7,0,S
14,0,6,8,0,S
14,0,6,9,0,S
14,0,6,10,0,S
14,0,7,-5,0,H
14,0,7,-4,0,H
14,0,7,-3,0,H
14,0,7,-2,0,H
14,0,7,-1,0,H
14,0,7,0,0,H
14,0,7,1,0,H
14,0,7,2,0,H
14,0,7,3,0,H
14,0,7,4,0,H
14,0,7,5,0,H
14,0,7,6,0,H
14,0,7,7,0,H
14,0,7,8,0,H
14,0,7,9,0,H
14,0,7,10,0,H
14,0,8,-5,0,H
14,0,8,-4,0,H
14,0,8,-3,0,H
14,0,8,-2,0,H
14,0,8,-1,0,H
14,0,8,0,0,H
14,0,8,1,0,H
14,0,8,2,0,H
14,0,8,3,0,H
14,0,8,4,0,H
14,0,8,5,0,H
14,0,8,6,0,H
14,0,8,7,0,H
14,0,8,8,0,H
14,0,8,9,0,H
14,0,8,10,0,H
14,0,9,-5,0,H
14,0,9,-4,0,H
14,0,9,-3,0,H
14,0,9,-2,0,H
14,0,9,-1,0,H
14,0,9,0,0,H
14,0,9,1,0,H
14,0,9,2,0,H
14,0,9,3,0,H
14,0,9,4,0,H
14,0,9,5,0,H
14,0,9,6,0,H
14,0,9,7,0,H
14,0,9,8,0,H
14,0,9,9,0,H
14,0,9,10,0,H
14,0,10,-5,0,H
14,0,10,-4,0,H
14,0,10,-3,0,H
14,0,10,-2,0,H
14,0,10,-1,0,H
14,0,10,0,0,H
14,0,10,1,0,H
14,0,10,2,0,H
14,0,10,3,0,H
14,0,10,4,0,H
14,0,10,5,0,H
14,0,10,6,0,H
14,0,10,7,0,H
14,0,10,8,0,H
14,0,10,9,0,H
14,0,10,10,0,H
14,0,11,-5,0,H
14,0,11,-4,0,H
14,0,11,-3,0,H
14,0,11,-2,0,H
14,0,11,-1,0,H
14,0,11,0,0,H
14,0,11,1,0,H
14,0,11,2,0,H
14,0,11,3,0,H
14,0,11,4,0,H
14,0,11,5,0,H
14,0,11,6,0,H
14,0,11,7,0,H
14,0,11,8,0,H
14,0,11,9,0,H
14,0,11,10,0,H
14,1,2,-5,0,H
14,1,2,-4,0,H
14,1,2,-3,0,H
14,1,2,-2,0,H
14,1,2,-1,0,H
14,1,2,0,0,H
14,1,2,1,0,H
14,1,2,2,0,H
14,1,2,3,0,H
14,1,2,4,0,H
14,1,2,5,0,H
14,1,2,6,0,H
14,1,2,7,0,H
14,1,2,8,0,H
14,1,2,9,0,H
14,1,2,10,0,H
14,1,3,-5,0,H
14,1,3,-4,0,H
14,1,3,-3,0,H
14,1,3,-2,0,H
14,1,3,-1,0,H
14,1,3,0,0,H
14,1,3,1,0,H
14,1,3,2,0,H
14,1,3,3,0,H
14,1,3,4,0,H
14,1,3,5,0,H
14,1,3,6,0,H
14,1,3,7,0,H
14,1,3,8,0,H
14,1,3,9,0,H
14,1,3,10,0,H
14,1,4,-5,0,H
14,1,4,-4,0,H
14,1,4,-3,0,H
14,1,4,-2,0,H
14,1,4,-1,0,H
14,1,4,0,0,H
14,1,4,1,0,H
14,1,4,2,0,H
14,1,4,3,0,H
14,1,4,4,0,H
14,1,4,5,0,H
14,1,4,6,0,H
14,1,4,7,0,H
14,1,4,8,0,H
14,1,4,9,0,H
14,1,4,10,0,H
14,1,5,-5,0,S
14,1,5,-4,0,S
14,1,5,-3,0,S
14,1,5,-2,0,S
14,1,5,-1,0,S
14,1,5,0,0,S
14,1,5,1,0,S
14,1,5,2,0,S
14,1,5,3,0,S
14,1,5,4,0,S
14,1,5,5,0,S
14,1,5,6,0,S
14,1,5,7,0,S
14,1,5,8,0,S
14,1,5,9,0,S
14,1,5,10,0,S
14,1,6,-5,0,S
14,1,6,-4,0,S
14,1,6,-3,0,S
14,1,6,-2,0,S
14,1,6,-1,0,S
14,1,6,0,0,S
14,1,6,1,0,S
14,1,6,2,0,S
14,1,6,3,0,S
14,1,6,4,0,S
14,1,6,5,0,S
14,1,6,6,0,S
14,1,6,7,0,S
14,1,6,8,0,S
14,1,6,9,0,S
14,1,6,10,0,S
14,1,7,-5,0,H
14,1,7,-4,0,H
14,1,7,-3,0,H
14,1,7,-2,0,H
14,1,7,-1,0,H
14,1,7,0,0,H
14,1,7,1,0,H
14,1,7,2,0,H
14,1,7,3,0,H
14,1,7,4,0,H
14,1,7,5,0,H
14,1,7,6,0,H
14,1,7,7,0,H
14,1,7,8,0,H
14,1,7,9,0,H
14,1,7,10,0,H
14,1,8,-5,0,H
14,1,8,-4,0,H
14,1,8,-3,0,H
14,1,8,-2,0,H
14,1,8,-1,0,H
14,1,8,0,0,H
14,1,8,1,0,H
14,1,8,2,0,H
14,1,8,3,0,H
14,1,8,4,0,H
14,1,8,5,0,H
14,1,8,6,0,H
14,1,8,7,0,H
14,1,8,8,0,H
14,1,8,9,0,H
14,1,8,10,0,H
14,1,9,-5,0,H
14,1,9,-4,0,H
14,1,9,-3,0,H
14,1,9,-2,0,H
14,1,9,-1,0,H
14,1,9,0,0,H
14,1,9,1,0,H
14,1,9,2,0,H
14,1,9,3,0,H
14,1,9,4,0,H
14,1,9,5,0,H
14,1,9,6,0,H
14,1,9,7,0,H
14,1,9,8,0,H
14,1,9,9,0,H
14,1,9,10,0,H
14,1,10,-5,0,H
14,1,10,-4,0,H
14,1,10,-3,0,H
14,1,10,-2,0,H
14,1,10,-1,0,H
14,1,10,0,0,H
14,1,10,1,0,H
14,1,10,2,0,H
14,1,10,3,0,H
14,1,10,4,0,H
14,1,10,5,0,H
14,1,10,6,0,H
14,1,10,7,0,H
14,1,10,8,0,H
14,1,10,9,0,H
14,1,10,10,0,H
14,1,11,-5,0,H
14,1,11,-4,0,H
14,1,11,-3,0,H
14,1,11,-2,0,H
14,1,11,-1,0,H
14,1,11,0,0,H
14,1,11,1,0,H
14,1,11,2,0,H
14,1,11,3,0,H
14,1,11,4,0,H
14,1,11,5,0,H
14,1,11,6,0,H
14,1,11,7,0,H
14,1,11,8,0,H
14,1,11,9,0,H
14,1,11,10,0,H
15,0,2,-5,0,S
15,0,2,-4,0,S
15,0,2,-3,0,S
15,0,2,-2,0,S
15,0,2,-1,0,S
15,0,2,0,0,S
15,0,2,1,0,S
15,0,2,2,0,S
15,0,2,3,0,S
15,0,2,4,0,S
15,0,2,5,0,S
15,0,2,6,0,S
15,0,2,7,0,S
15,0,2,8,0,S
15,0,2,9,0,S
15,0,2,10,0,S
15,0,3,-5,0,S
15,0,3,-4,0,S
15,0,3,-3,0,S
15,0,3,-2,0,S
15,0,3,-1,0,S
15,0,3,0,0,S
15,0,3,1,0,S
15,0,3,2,0,S
15,0,3,3,0,S
15,0,3,4,0,S
15,0,3,5,0,S
15,0,3,6,0,S
15,0,3,7,0,S
15,0,3,8,0,S
15,0,3,9,0,S
15,0,3,10,0,S
15,0,4,-5,0,S
15,0,4,-4,0,S
15,0,4,-3,0,S
15,0,4,-2,0,S
15,0,4,-1,0,S
15,0,4,0,0,S
15,0,4,1,0,S
15,0,4,2,0,S
15,0,4,3,0,S
15,0,4,4,0,S
15,0,4,5,0,S
15,0,4,6,0,S
15,0,4,7,0,S
15,0,4,8,0,S
15,0,4,9,0,S
15,0,4,10,0,S
15,0,5,-5,0,S
15,0,5,-4,0,S
15,0,5,-3,0,S
15,0,5,-2,0,S
15,0,5,-1,0,S
15,0,5,0,0,S
15,0,5,1,0,S
15,0,5,2,0,S
15,0,5,3,0,S
15,0,5,4,0,S
15,0,5,5,0,S
15,0,5,6,0,S
15,0,5,7,0,S
15,0,5,8,0,S
15,0,5,9,0,S
15,0,5,10,0,S
15,0,6,-5,0,S
15,0,6,-4,0,S
15,0,6,-3,0,S
15,0,6,-2,0,S
15,0,6,-1,0,S
15,0,6,0,0,S
15,0,6,1,0,S
15,0,6,2,0,S
15,0,6,3,0,S
15,0,6,4,0,S
15,0,6,5,0,S
15,0,6,6,0,S
15,0,6,7,0,S
15,0,6,8,0,S
15,0,6,9,0,S
15,0,6,10,0,S
15,0,7,-5,0,H
15,0,7,-4,0,H
15,0,7,-3,0,H
15,0,7,-2,0,H
15,0,7,-1,0,H
15,0,7,0,0,H
15,0,7,1,0,H
15,0,7,2,0,H
15,0,7,3,0,H
15,0,7,4,0,H
15,0,7,5,0,H
15,0,7,6,0,H
15,0,7,7,0,H
15,0,7,8,0,H
15,0,7,9,0,H
15,0,7,10,0,H
15,0,8,-5,0,H
15,0,8,-4,0,H
15,0,8,-3,0,H
15,0,8,-2,0,H
15,0,8,-1,0,H
15,0,8,0,0,H
15,0,8,1,0,H
15,0,8,2,0,H
15,0,8,3,0,H
15,0,8,4,0,H
15,0,8,5,0,H
15,0,8,6,0,H
15,0,8,7,0,H
15,0,8,8,0,H
15,0,8,9,0,H
15,0,8,10,0,H
15,0,9,-5,0,H
15,0,9,-4,0,H
15,0,9,-3,0,H
15,0,9,-2,0,H
15,0,9,-1,0,H
15,0,9,0,0,H
15,0,9,1,0,H
15,0,9,2,0,S
15,0,9,3,0,S
15,0,9,4,0,S
15,0,9,5,0,S
15,0,9,6,0,S
15,0,9,7,0,S
15,0,9,8,0,S
15,0,9,9,0,S
15,0,9,10,0,S
15,0,10,-5,0,H
15,0,10,-4,0,H
15,0,10,-3,0,H
15,0,10,-2,0,H
15,0,10,-1,0,H
15,0,10,0,0,H
15,0,10,1,0,H
15,0,10,2,0,H
15,0,10,3,0,H
15,0,10,4,0,S
15,0,10,5,0,S
15,0,10,6,0,S
15,0,10,7,0,S
15,0,10,8,0,S
15,0,10,9,0,S
15,0,10,10,0,S
15,0,11,-5,0,H
15,0,11,-4,0,H
15,0,11,-3,0,H
15,0,11,-2,0,H
15,0,11,-1,0,H
15,0,11,0,0,H
15,0,11,1,0,H
15,0,11,2,0,H
15,0,11,3,0,H
15,0,11,4,0,H
15,0,11,5,0,H
15,0,11,6,0,H
15,0,11,7,0,H
15,0,11,8,0,H
15,0,11,9,0,H
15,0,11,10,0,H
15,1,2,-5,0,H
15,1,2,-4,0,H
15,1,2,-3,0,H
15,1,2,-2,0,H
15,1,2,-1,0,H
15,1,2,0,0,H
15,1,2,1,0,H
15,1,2,2,0,H
15,1,2,3,0,H
15,1,2,4,0,H
15,1,2,5,0,H
15,1,2,6,0,H
15,1,2,7,0,H
15,1,2,8,0,H
15,1,2,9,0,H
15,1,2,10,0,H
15,1,3,-5,0,H
15,1,3,-4,0,H
15,1,3,-3,0,H
15,1,3,-2,0,H
15,1,3,-1,0,H
15,1,3,0,0,H
15,1,3,1,0,H
15,1,3,2,0,H
15,1,3,3,0,H
15,1,3,4,0,H
15,1,3,5,0,H
15,1,3,6,0,H
15,1,3,7,0,H
15,1,3,8,0,H
15,1,3,9,0,H
15,1,3,10,0,H
15,1,4,-5,0,S
15,1,4,-4,0,S
15,1,4,-3,0,S
15,1,4,-2,0,S
15,1,4,-1,0,S
15,1,4,0,0,S
15,1,4,1,0,S
15,1,4,2,0,S
15,1,4,3,0,S
15,1,4,4,0,S
15,1,4,5,0,S
15,1,4,6,0,S
15,1,4,7,0,S
15,1,4,8,0,S
15,1,4,9,0,S
15,1,4,10,0,S
15,1,5,-5,0,S
15,1,5,-4,0,S
15,1,5,-3,0,S
15,1,5,-2,0,S
15,1,5,-1,0,S
15,1,5,0,0,S
15,1,5,1,0,S
15,1,5,2,0,S
15,1,5,3,0,S
15,1,5,4,0,S
15,1,5,5,0,S
15,1,5,6,0,S
15,1,5,7,0,S
15,1,5,8,0,S
15,1,5,9,0,S
15,1,5,10,0,S
15,1,6,-5,0,S
15,1,6,-4,0,S
15,1,6,-3,0,S
15,1,6,-2,0,S
15,1,6,-1,0,S
15,1,6,0,0,S
15,1,6,1,0,S
15,1,6,2,0,S
15,1,6,3,0,S
15,1,6,4,0,S
15,1,6,5,0,S
15,1,6,6,0,S
15,1,6,7,0,S
15,1,6,8,0,S
15,1,6,9,0,S
15,1,6,10,0,S
15,1,7,-5,0,H
15,1,7,-4,0,H
15,1,7,-3,0,H
15,1,7,-2,0,H
15,1,7,-1,0,H
15,1,7,0,0,H
15,1,7,1,0,H
15,1,7,2,0,H
15,1,7,3,0,H
15,1,7,4,0,H
15,1,7,5,0,H
15,1,7,6,0,H
15,1,7,7,0,H
15,1,7,8,0,H
15,1,7,9,0,H
15,1,7,10,0,H
15,1,8,-5,0,H
15,1,8,-4,0,H
15,1,8,-3,0,H
15,1,8,-2,0,H
15,1,8,-1,0,H
15,1,8,0,0,H
15,1,8,1,0,H
15,1,8,2,0,H
15,1,8,3,0,H
15,1,8,4,0,H
15,1,8,5,0,H
15,1,8,6,0,H
15,1,8,7,0,H
15,1,8,8,0,H
15,1,8,9,0,H
15,1,8,10,0,H
15,1,9,-5,0,H
15,1,9,-4,0,H
15,1,9,-3,0,H
15,1,9,-2,0,H
15,1,9,-1,0,H
15,1,9,0,0,H
15,1,9,1,0,H
15,1,9,2,0,H
15,1,9,3,0,H
15,1,9,4,0,H
15,1,9,5,0,H
15,1,9,6,0,H
15,1,9,7,0,H
15,1,9,8,0,H
15,1,9,9,0,H
15,1,9,10,0,H
15,1,10,-5,0,H
15,1,10,-4,0,H
15,1,10,-3,0,H
15,1,10,-2,0,H
15,1,10,-1,0,H
15,1,10,0,0,H
15,1,10,1,0,H
15,1,10,2,0,H
15,1,10,3,0,H
15,1,10,4,0,H
15,1,10,5,0,H
15,1,10,6,0,H
15,1,10,7,0,H
15,1,10,8,0,H
15,1,10,9,0,H
15,1,10,10,0,H
15,1,11,-5,0,H
15,1,11,-4,0,H
15,1,11,-3,0,H
15,1,11,-2,0,H
15,1,11,-1,0,H
15,1,11,0,0,H
15,1,11,1,0,H
15,1,11,2,0,H
15,1,11,3,0,H
15,1,11,4,0,H
15,1,11,5,0,H
15,1,11,6,0,H
15,1,11,7,0,H
15,1,11,8,0,H
15,1,11,9,0,H
15,1,11,10,0,H
16,0,2,-5,0,S
16,0,2,-4,0,S
16,0,2,-3,0,S
16,0,2,-2,0,S
16,0,2,-1,0,S
16,0,2,0,0,S
16,0,2,1,0,S
16,0,2,2,0,S
16,0,2,3,0,S
16,0,2,4,0,S
16,0,2,5,0,S
16,0,2,6,0,S
16,0,2,7,0,S
16,0,2,8,0,S
16,0,2,9,0,S
16,0,2,10,0,S
16,0,3,-5,0,S
16,0,3,-4,0,S
16,0,3,-3,0,S
16,0,3,-2,0,S
16,0,3,-1,0,S
16,0,3,0,0,S
16,0,3,1,0,S
16,0,3,2,0,S
16,0,3,3,0,S
16,0,3,4,0,S
16,0,3,5,0,S
16,0,3,6,0,S
16,0,3,7,0,S
16,0,3,8,0,S
16,0,3,9,0,S
16,0,3,10,0,S
16,0,4,-5,0,S
16,0,4,-4,0,S
16,0,4,-3,0,S
16,0,4,-2,0,S
16,0,4,-1,0,S
16,0,4,0,0,S
16,0,4,1,0,S
16,0,4,2,0,S
16,0,4,3,0,S
16,0,4,4,0,S
16,0,4,5,0,S
16,0,4,6,0,S
16,0,4,7,0,S
16,0,4,8,0,S
16,0,4,9,0,S
16,0,4,10,0,S
16,0,5,-5,0,S
16,0,5,-4,0,S
16,0,5,-3,0,S
16,0,5,-2,0,S
16,0,5,-1,0,S
16,0,5,0,0,S
16,0,5,1,0,S
16,0,5,2,0,S
16,0,5,3,0,S
16,0,5,4,0,S
16,0,5,5,0,S
16,0,5,6,0,S
16,0,5,7,0,S
16,0,5,8,0,S
16,0,5,9,0,S
16,0,5,10,0,S
16,0,6,-5,0,S
16,0,6,-4,0,S
16,0,6,-3,0,S
16,0,6,-2,0,S
16,0,6,-1,0,S
16,0,6,0,0,S
16,0,6,1,0,S
16,0,6,2,0,S
16,0,6,3,0,S
16,0,6,4,0,S
16,0,6,5,0,S
16,0,6,6,0,S
16,0,6,7,0,S
16,0,6,8,0,S
16,0,6,9,0,S
16,0,6,10,0,S
16,0,7,-5,0,H
16,0,7,-4,0,H
16,0,7,-3,0,H
16,0,7,-2,0,H
16,0,7,-1,0,H
16,0,7,0,0,H
16,0,7,1,0,H
16,0,7,2,0,H
16,0,7,3,0,H
16,0,7,4,0,H
16,0,7,5,0,H
16,0,7,6,0,H
16,0,7,7,0,H
16,0,7,8,0,H
16,0,7,9,0,H
16,0,7,10,0,H
16,0,8,-5,0,H
16,0,8,-4,0,H
16,0,8,-3,0,H
16,0,8,-2,0,H
16,0,8,-1,0,H
16,0,8,0,0,H
16,0,8,1,0,H
16,0,8,2,0,H
16,0,8,3,0,H
16,0,8,4,0,H
16,0,8,5,0,H
16,0,8,6,0,H
16,0,8,7,0,H
16,0,8,8,0,H
16,0,8,9,0,H
16,0,8,10,0,H
16,0,9,-5,0,H
16,0,9,-4,0,H
16,0,9,-3,0,H
16,0,9,-2,0,H
16,0,9,-1,0,H
16,0,9,0,0,H
16,0,9,1,0,H
16,0,9,2,0,H
16,0,9,3,0,H
16,0,9,4,0,H
16,0,9,5,0,S
16,0,9,6,0,S
16,0,9,7,0,S
16,0,9,8,0,S
16,0,9,9,0,S
16,0,9,10,0,S
16,0,10,-5,0,H
16,0,10,-4,0,H
16,0,10,-3,0,H
16,0,10,-2,0,H
16,0,10,-1,0,H
16,0,10,0,0,S
16,0,10,1,0,S
16,0,10,2,0,S
16,0,10,3,0,S
16,0,10,4,0,S
16,0,10,5,0,S
16,0,10,6,0,S
16,0,10,7,0,S
16,0,10,8,0,S
16,0,10,9,0,S
16,0,10,10,0,S
16,0,11,-5,0,H
16,0,11,-4,0,H
16,0,11,-3,0,H
16,0,11,-2,0,H
16,0,11,-1,0,H
16,0,11,0,0,H
16,0,11,1,0,H
16,0,11,2,0,H
16,0,11,3,0,H
16,0,11,4,0,H
16,0,11,5,0,H
16,0,11,6,0,H
16,0,11,7,0,H
16,0,11,8,0,H
16,0,11,9,0,H
16,0,11,10,0,H
16,1,2,-5,0,H
16,1,2,-4,0,H
16,1,2,-3,0,H
16,1,2,-2,0,H
16,1,2,-1,0,H
16,1,2,0,0,H
16,1,2,1,0,H
16,1,2,2,0,H
16,1,2,3,0,H
16,1,2,4,0,H
16,1,2,5,0,H
16,1,2,6,0,H
16,1,2,7,0,H
16,1,2,8,0,H
16,1,2,9,0,H
16,1,2,10,0,H
16,1,3,-5,0,H
16,1,3,-4,0,H
16,1,3,-3,0,H
16,1,3,-2,0,H
16,1,3,-1,0,H
16,1,3,0,0,H
16,1,3,1,0,H
16,1,3,2,0,H
16,1,3,3,0,H
16,1,3,4,0,H
16,1,3,5,0,H
16,1,3,6,0,H
16,1,3,7,0,H
16,1,3,8,0,H
16,1,3,9,0,H
16,1,3,10,0,H
16,1,4,-5,0,S
16,1,4,-4,0,S
16,1,4,-3,0,S
16,1,4,-2,0,S
16,1,4,-1,0,S
16,1,4,0,0,S
16,1,4,1,0,S
16,1,4,2,0,S
16,1,4,3,0,S
16,1,4,4,0,S
16,1,4,5,0,S
16,1,4,6,0,S
16,1,4,7,0,S
16,1,4,8,0,S
16,1,4,9,0,S
16,1,4,10,0,S
16,1,5,-5,0,S
16,1,5,-4,0,S
16,1,5,-3,0,S
16,1,5,-2,0,S
16,1,5,-1,0,S
16,1,5,0,0,S
16,1,5,1,0,S
16,1,5,2,0,S
16,1,5,3,0,S
16,1,5,4,0,S
16,1,5,5,0,S
16,1,5,6,0,S
16,1,5,7,0,S
16,1,5,8,0,S
16,1,5,9,0,S
16,1,5,10,0,S
16,1,6,-5,0,S
16,1,6,-4,0,S
16,1,6,-3,0,S
16,1,6,-2,0,S
16,1,6,-1,0,S
16,1,6,0,0,S
16,1,6,1,0,S
16,1,6,2,0,S
16,1,6,3,0,S
16,1,6,4,0,S
16,1,6,5,0,S
16,1,6,6,0,S
16,1,6,7,0,S
16,1,6,8,0,S
16,1,6,9,0,S
16,1,6,10,0,S
16,1,7,-5,0,H
16,1,7,-4,0,H
16,1,7,-3,0,H
16,1,7,-2,0,H
16,1,7,-1,0,H
16,1,7,0,0,H
16,1,7,1,0,H
16,1,7,2,0,H
16,1,7,3,0,H
16,1,7,4,0,H
16,1,7,5,0,H
16,1,7,6,0,H
16,1,7,7,0,H
16,1,7,8,0,H
16,1,7,9,0,H
16,1,7,10,0,H
16,1,8,-5,0,H
16,1,8,-4,0,H
16,1,8,-3,0,H
16,1,8,-2,0,H
16,1,8,-1,0,H
16,1,8,0,0,H
16,1,8,1,0,H
16,1,8,2,0,H
16,1,8,3,0,H
16,1,8,4,0,H
16,1,8,5,0,H
16,1,8,6,0,H
16,1,8,7,0,H
16,1,8,8,0,H
16,1,8,9,0,H
16,1,8,10,0,H
16,1,9,-5,0,H
16,1,9,-4,0,H
16,1,9,-3,0,H
16,1,9,-2,0,H
16,1,9,-1,0,H
16,1,9,0,0,H
16,1,9,1,0,H
16,1,9,2,0,H
16,1,9,3,0,H
16,1,9,4,0,H
16,1,9,5,0,H
16,1,9,6,0,H
16,1,9,7,0,H
16,1,9,8,0,H
16,1,9,9,0,H
16,1,9,10,0,H
16,1,10,-5,0,H
16,1,10,-4,0,H
16,1,10,-3,0,H
16,1,10,-2,0,H
16,1,10,-1,0,H
16,1,10,0,0,H
16,1,10,1,0,H
16,1,10,2,0,H
16,1,10,3,0,H
16,1,10,4,0,H
16,1,10,5,0,H
16,1,10,6,0,H
16,1,10,7,0,H
16,1,10,8,0,H
16,1,10,9,0,H
16,1,10,10,0,H
16,1,11,-5,0,H
16,1,11,-4,0,H
16,1,11,-3,0,H
16,1,11,-2,0,H
16,1,11,-1,0,H
16,1,11,0,0,H
16,1,11,1,0,H
16,1,11,2,0,H
16,1,11,3,0,H
16,1,11,4,0,H
16,1,11,5,0,H
16,1,11,6,0,H
16,1,11,7,0,H
16,1,11,8,0,H
16,1,11,9,0,H
16,1,11,10,0,H
17,0,2,-5,0,S
17,0,2,-4,0,S
17,0,2,-3,0,S
17,0,2,-2,0,S
17,0,2,-1,0,S
17,0,2,0,0,S
17,0,2,1,0,S
17,0,2,2,0,S
17,0,2,3,0,S
17,0,2,4,0,S
17,0,2,5,0,S
17,0,2,6,0,S
17,0,2,7,0,S
17,0,2,8,0,S
17,0,2,9,0,S
17,0,2,10,0,S
17,0,3,-5,0,S
17,0,3,-4,0,S
17,0,3,-3,0,S
17,0,3,-2,0,S
17,0,3,-1,0,S
17,0,3,0,0,S
17,0,3,1,0,S
17,0,3,2,0,S
17,0,3,3,0,S
17,0,3,4,0,S
17,0,3,5,0,S
17,0,3,6,0,S
17,0,3,7,0,S
17,0,3,8,0,S
17,0,3,9,0,S
17,0,3,10,0,S
17,0,4,-5,0,S
17,0,4,-4,0,S
17,0,4,-3,0,S
17,0,4,-2,0,S
17,0,4,-1,0,S
17,0,4,0,0,S
17,0,4,1,0,S
17,0,4,2,0,S
17,0,4,3,0,S
17,0,4,4,0,S
17,0,4,5,0,S
17,0,4,6,0,S
17,0,4,7,0,S
17,0,4,8,0,S
17,0,4,9,0,S
17,0,4,10,0,S
17,0,5,-5,0,S
17,0,5,-4,0,S
17,0,5,-3,0,S
17,0,5,-2,0,S
17,0,5,-1,0,S
17,0,5,0,0,S
17,0,5,1,0,S
17,0,5,2,0,S
17,0,5,3,0,S
17,0,5,4,0,S
17,0,5,5,0,S
17,0,5,6,0,S
17,0,5,7,0,S
17,0,5,8,0,S
17,0,5,9,0,S
17,0,5,10,0,S
17,0,6,-5,0,S
17,0,6,-4,0,S
17,0,6,-3,0,S
17,0,6,-2,0,S
17,0,6,-1,0,S
17,0,6,0,0,S
17,0,6,1,0,S
17,0,6,2,0,S
17,0,6,3,0,S
17,0,6,4,0,S
17,0,6,5,0,S
17,0,6,6,0,S
17,0,6,7,0,S
17,0,6,8,0,S
17,0,6,9,0,S
17,0,6,10,0,S
17,0,7,-5,0,S
17,0,7,-4,0,S
17,0,7,-3,0,S
17,0,7,-2,0,S
17,0,7,-1,0,S
17,0,7,0,0,S
17,0,7,1,0,S
17,0,7,2,0,S
17,0,7,3,0,S
17,0,7,4,0,S
17,0,7,5,0,S
17,0,7,6,0,S
17,0,7,7,0,S
17,0,7,8,0,S
17,0,7,9,0,S
17,0,7,10,0,S
17,0,8,-5,0,S
17,0,8,-4,0,S
17,0,8,-3,0,S
17,0,8,-2,0,S
17,0,8,-1,0,S
17,0,8,0,0,S
17,0,8,1,0,S
17,0,8,2,0,S
17,0,8,3,0,S
17,0,8,4,0,S
17,0,8,5,0,S
17,0,8,6,0,S
17,0,8,7,0,S
17,0,8,8,0,S
17,0,8,9,0,S
17,0,8,10,0,S
17,0,9,-5,0,S
17,0,9,-4,0,S
17,0,9,-3,0,S
17,0,9,-2,0,S
17,0,9,-1,0,S
17,0,9,0,0,S
17,0,9,1,0,S
17,0,9,2,0,S
17,0,9,3,0,S
17,0,9,4,0,S
17,0,9,5,0,S
17,0,9,6,0,S
17,0,9,7,0,S
17,0,9,8,0,S
17,0,9,9,0,S
17,0,9,10,0,S
17,0,10,-5,0,S
17,0,10,-4,0,S
17,0,10,-3,0,S
17,0,10,-2,0,S
17,0,10,-1,0,S
17,0,10,0,0,S
17,0,10,1,0,S
17,0,10,2,0,S
17,0,10,3,0,S
17,0,10,4,0,S
17,0,10,5,0,S
17,0,10,6,0,S
17,0,10,7,0,S
17,0,10,8,0,S
17,0,10,9,0,S
17,0,10,10,0,S
17,0,11,-5,0,S
17,0,11,-4,0,S
17,0,11,-3,0,S
17,0,11,-2,0,S
17,0,11,-1,0,S
17,0,11,0,0,S
17,0,11,1,0,S
17,0,11,2,0,S
17,0,11,3,0,S
17,0,11,4,0,S
17,0,11,5,0,S
17,0,11,6,0,S
17,0,11,7,0,S
17,0,11,8,0,S
17,0,11,9,0,S
17,0,11,10,0,S
17,1,2,-5,0,H
17,1,2,-4,0,H
17,1,2,-3,0,H
17,1,2,-2,0,H
17,1,2,-1,0,H
17,1,2,0,0,H
17,1,2,1,0,H
17,1,2,2,0,H
17,1,2,3,0,H
17,1,2,4,0,H
17,1,2,5,0,H
17,1,2,6,0,H
17,1,2,7,0,H
17,1,2,8,0,H
17,1,2,9,0,H
17,1,2,10,0,H
17,1,3,-5,0,S
17,1,3,-4,0,S
17,1,3,-3,0,S
17,1,3,-2,0,S
17,1,3,-1,0,S
17,1,3,0,0,S
17,1,3,1,0,S
17,1,3,2,0,S
17,1,3,3,0,S
17,1,3,4,0,S
17,1,3,5,0,S
17,1,3,6,0,S
17,1,3,7,0,S
17,1,3,8,0,S
17,1,3,9,0,S
17,1,3,10,0,S
17,1,4,-5,0,S
17,1,4,-4,0,S
17,1,4,-3,0,S
17,1,4,-2,0,S
17,1,4,-1,0,S
17,1,4,0,0,S
17,1,4,1,0,S
17,1,4,2,0,S
17,1,4,3,0,S
17,1,4,4,0,S
17,1,4,5,0,S
17,1,4,6,0,S
17,1,4,7,0,S
17,1,4,8,0,S
17,1,4,9,0,S
17,1,4,10,0,S
17,1,5,-5,0,S
17,1,5,-4,0,S
17,1,5,-3,0,S
17,1,5,-2,0,S
17,1,5,-1,0,S
17,1,5,0,0,S
17,1,5,1,0,S
17,1,5,2,0,S
17,1,5,3,0,S
17,1,5,4,0,S
17,1,5,5,0,S
17,1,5,6,0,S
17,1,5,7,0,S
17,1,5,8,0,S
17,1,5,9,0,S
17,1,5,10,0,S
17,1,6,-5,0,S
17,1,6,-4,0,S
17,1,6,-3,0,S
17,1,6,-2,0,S
17,1,6,-1,0,S
17,1,6,0,0,S
17,1,6,1,0,S
17,1,6,2,0,S
17,1,6,3,0,S
17,1,6,4,0,S
17,1,6,5,0,S
17,1,6,6,0,S
17,1,6,7,0,S
17,1,6,8,0,S
17,1,6,9,0,S
17,1,6,10,0,S
17,1,7,-5,0,H
17,1,7,-4,0,H
17,1,7,-3,0,H
17,1,7,-2,0,H
17,1,7,-1,0,H
17,1,7,0,0,H
17,1,7,1,0,H
17,1,7,2,0,H
17,1,7,3,0,H
17,1,7,4,0,H
17,1,7,5,0,H
17,1,7,6,0,H
17,1,7,7,0,H
17,1,7,8,0,H
17,1,7,9,0,H
17,1,7,10,0,H
17,1,8,-5,0,H
17,1,8,-4,0,H
17,1,8,-3,0,H
17,1,8,-2,0,H
17,1,8,-1,0,H
17,1,8,0,0,H
17,1,8,1,0,H
17,1,8,2,0,H
17,1,8,3,0,H
17,1,8,4,0,H
17,1,8,5,0,H
17,1,8,6,0,H
17,1,8,7,0,H
17,1,8,8,0,H
17,1,8,9,0,H
17,1,8,10,0,H
17,1,9,-5,0,H
17,1,9,-4,0,H
17,1,9,-3,0,H
17,1,9,-2,0,H
17,1,9,-1,0,H
17,1,9,0,0,H
17,1,9,1,0,H
17,1,9,2,0,H
17,1,9,3,0,H
17,1,9,4,0,H
17,1,9,5,0,H
17,1,9,6,0,H
17,1,9,7,0,H
17,1,9,8,0,H
17,1,9,9,0,H
17,1,9,10,0,H
17,1,10,-5,0,H
17,1,10,-4,0,H
17,1,10,-3,0,H
17,1,10,-2,0,H
17,1,10,-1,0,H
17,1,10,0,0,H
17,1,10,1,0,H
17,1,10,2,0,H
17,1,10,3,0,H
17,1,10,4,0,H
17,1,10,5,0,H
17,1,10,6,0,H
17,1,10,7,0,H
17,1,10,8,0,H
17,1,10,9,0,H
17,1,10,10,0,H
17,1,11,-5,0,H
17,1,11,-4,0,H
17,1,11,-3,0,H
17,1,11,-2,0,H
17,1,11,-1,0,H
17,1,11,0,0,H
17,1,11,1,0,H
17,1,11,2,0,H
17,1,11,3,0,H
17,1,11,4,0,H
17,1,11,5,0,H
17,1,11,6,0,H
17,1,11,7,0,H
17,1,11,8,0,H
17,1,11,9,0,H
17,1,11,10,0,H
18,0,2,-5,0,S
18,0,2,-4,0,S
18,0,2,-3,0,S
18,0,2,-2,0,S
18,0,2,-1,0,S
18,0,2,0,0,S
18,0,2,1,0,S
18,0,2,2,0,S
18,0,2,3,0,S
18,0,2,4,0,S
18,0,2,5,0,S
18,0,2,6,0,S
18,0,2,7,0,S
18,0,2,8,0,S
18,0,2,9,0,S
18,0,2,10,0,S
18,0,3,-5,0,S
18,0,3,-4,0,S
18,0,3,-3,0,S
18,0,3,-2,0,S
18,0,3,-1,0,S
18,0,3,0,0,S
18,0,3,1,0,S
18,0,3,2,0,S
18,0,3,3,0,S
18,0,3,4,0,S
18,0,3,5,0,S
18,0,3,6,0,S
18,0,3,7,0,S
18,0,3,8,0,S
18,0,3,9,0,S
18,0,3,10,0,S
18,0,4,-5,0,S
18,0,4,-4,0,S
18,0,4,-3,0,S
18,0,4,-2,0,S
18,0,4,-1,0,S
18,0,4,0,0,S
18,0,4,1,0,S
18,0,4,2,0,S
18,0,4,3,0,S
18,0,4,4,0,S
18,0,4,5,0,S
18,0,4,6,0,S
18,0,4,7,0,S
18,0,4,8,0,S
18,0,4,9,0,S
18,0,4,10,0,S
18,0,5,-5,0,S
18,0,5,-4,0,S
18,0,5,-3,0,S
18,0,5,-2,0,S
18,0,5,-1,0,S
18,0,5,0,0,S
18,0,5,1,0,S
18,0,5,2,0,S
18,0,5,3,0,S
18,0,5,4,0,S
18,0,5,5,0,S
18,0,5,6,0,S
18,0,5,7,0,S
18,0,5,8,0,S
18,0,5,9,0,S
18,0,5,10,0,S
18,0,6,-5,0,S
18,0,6,-4,0,S
18,0,6,-3,0,S
18,0,6,-2,0,S
18,0,6,-1,0,S
18,0,6,0,0,S
18,0,6,1,0,S
18,0,6,2,0,S
18,0,6,3,0,S
18,0,6,4,0,S
18,0,6,5,0,S
18,0,6,6,0,S
18,0,6,7,0,S
18,0,6,8,0,S
18,0,6,9,0,S
18,0,6,10,0,S
18,0,7,-5,0,S
18,0,7,-4,0,S
18,0,7,-3,0,S
18,0,7,-2,0,S
18,0,7,-1,0,S
18,0,7,0,0,S
18,0,7,1,0,S
18,0,7,2,0,S
18,0,7,3,0,S
18,0,7,4,0,S
18,0,7,5,0,S
18,0,7,6,0,S
18,0,7,7,0,S
18,0,7,8,0,S
18,0,7,9,0,S
18,0,7,10,0,S
18,0,8,-5,0,S
18,0,8,-4,0,S
18,0,8,-3,0,S
18,0,8,-2,0,S
18,0,8,-1,0,S
18,0,8,0,0,S
18,0,8,1,0,S
18,0,8,2,0,S
18,0,8,3,0,S
18,0,8,4,0,S
18,0,8,5,0,S
18,0,8,6,0,S
18,0,8,7,0,S
18,0,8,8,0,S
18,0,8,9,0,S
18,0,8,10,0,S
18,0,9,-5,0,S
18,0,9,-4,0,S
18,0,9,-3,0,S
18,0,9,-2,0,S
18,0,9,-1,0,S
18,0,9,0,0,S
18,0,9,1,0,S
18,0,9,2,0,S
18,0,9,3,0,S
18,0,9,4,0,S
18,0,9,5,0,S
18,0,9,6,0,S
18,0,9,7,0,S
18,0,9,8,0,S
18,0,9,9,0,S
18,0,9,10,0,S
18,0,10,-5,0,S
18,0,10,-4,0,S
18,0,10,-3,0,S
18,0,10,-2,0,S
18,0,10,-1,0,S
18,0,10,0,0,S
18,0,10,1,0,S
18,0,10,2,0,S
18,0,10,3,0,S
18,0,10,4,0,S
18,0,10,5,0,S
18,0,10,6,0,S
18,0,10,7,0,S
18,0,10,8,0,S
18,0,10,9,0,S
18,0,10,10,0,S
18,0,11,-5,0,S
18,0,11,-4,0,S
18,0,11,-3,0,S
18,0,11,-2,0,S
18,0,11,-1,0,S
18,0,11,0,0,S
18,0,11,1,0,S
18,0,11,2,0,S
18,0,11,3,0,S
18,0,11,4,0,S
18,0,11,5,0,S
18,0,11,6,0,S
18,0,11,7,0,S
18,0,11,8,0,S
18,0,11,9,0,S
18,0,11,10,0,S
18,1,2,-5,0,S
18,1,2,-4,0,S
18,1,2,-3,0,S
18,1,2,-2,0,S
18,1,2,-1,0,S
18,1,2,0,0,S
18,1,2,1,0,S
18,1,2,2,0,S
18,1,2,3,0,S
18,1,2,4,0,S
18,1,2,5,0,S
18,1,2,6,0,S
18,1,2,7,0,S
18,1,2,8,0,S
18,1,2,9,0,S
18,1,2,10,0,S
18,1,3,-5,0,S
18,1,3,-4,0,S
18,1,3,-3,0,S
18,1,3,-2,0,S
18,1,3,-1,0,S
18,1,3,0,0,S
18,1,3,1,0,S
18,1,3,2,0,S
18,1,3,3,0,S
18,1,3,4,0,S
18,1,3,5,0,S
18,1,3,6,0,S
18,1,3,7,0,S
18,1,3,8,0,S
18,1,3,9,0,S
18,1,3,10,0,S
18,1,4,-5,0,S
18,1,4,-4,0,S
18,1,4,-3,0,S
18,1,4,-2,0,S
18,1,4,-1,0,S
18,1,4,0,0,S
18,1,4,1,0,S
18,1,4,2,0,S
18,1,4,3,0,S
18,1,4,4,0,S
18,1,4,5,0,S
18,1,4,6,0,S
18,1,4,7,0,S
18,1,4,8,0,S
18,1,4,9,0,S
18,1,4,10,0,S
18,1,5,-5,0,S
18,1,5,-4,0,S
18,1,5,-3,0,S
18,1,5,-2,0,S
18,1,5,-1,0,S
18,1,5,0,0,S
18,1,5,1,0,S
18,1,5,2,0,S
18,1,5,3,0,S
18,1,5,4,0,S
18,1,5,5,0,S
18,1,5,6,0,S
18,1,5,7,0,S
18,1,5,8,0,S
18,1,5,9,0,S
18,1,5,10,0,S
18,1,6,-5,0,S
18,1,6,-4,0,S
18,1,6,-3,0,S
18,1,6,-2,0,S
18,1,6,-1,0,S
18,1,6,0,0,S
18,1,6,1,0,S
18,1,6,2,0,S
18,1,6,3,0,S
18,1,6,4,0,S
18,1,6,5,0,S
18,1,6,6,0,S
18,1,6,7,0,S
18,1,6,8,0,S
18,1,6,9,0,S
18,1,6,10,0,S
18,1,7,-5,0,S
18,1,7,-4,0,S
18,1,7,-3,0,S
18,1,7,-2,0,S
18,1,7,-1,0,S
18,1,7,0,0,S
18,1,7,1,0,S
18,1,7,2,0,S
18,1,7,3,0,S
18,1,7,4,0,S
18,1,7,5,0,S
18,1,7,6,0,S
18,1,7,7,0,S
18,1,7,8,0,S
18,1,7,9,0,S
18,1,7,10,0,S
18,1,8,-5,0,S
18,1,8,-4,0,S
18,1,8,-3,0,S
18,1,8,-2,0,S
18,1,8,-1,0,S
18,1,8,0,0,S
18,1,8,1,0,S
18,1,8,2,0,S
18,1,8,3,0,S
18,1,8,4,0,S
18,1,8,5,0,S
18,1,8,6,0,S
18,1,8,7,0,S
18,1,8,8,0,S
18,1,8,9,0,S
18,1,8,10,0,S
18,1,9,-5,0,H
18,1,9,-4,0,H
18,1,9,-3,0,H
18,1,9,-2,0,H
18,1,9,-1,0,H
18,1,9,0,0,H
18,1,9,1,0,H
18,1,9,2,0,H
18,1,9,3,0,H
18,1,9,4,0,H
18,1,9,5,0,H
18,1,9,6,0,H
18,1,9,7,0,H
18,1,9,8,0,H
18,1,9,9,0,H
18,1,9,10,0,H
18,1,10,-5,0,H
18,1,10,-4,0,H
18,1,10,-3,0,H
18,1,10,-2,0,H
18,1,10,-1,0,H
18,1,10,0,0,H
18,1,10,1,0,H
18,1,10,2,0,H
18,1,10,3,0,H
18,1,10,4,0,H
18,1,10,5,0,H
18,1,10,6,0,H
18,1,10,7,0,H
18,1,10,8,0,H
18,1,10,9,0,H
18,1,10,10,0,H
18,1,11,-5,0,H
18,1,11,-4,0,H
18,1,11,-3,0,H
18,1,11,-2,0,H
18,1,11,-1,0,H
18,1,11,0,0,H
18,1,11,1,0,H
18,1,11,2,0,H
18,1,11,3,0,H
18,1,11,4,0,H
18,1,11,5,0,H
18,1,11,6,0,H
18,1,11,7,0,H
18,1,11,8,0,H
18,1,11,9,0,H
18,1,11,10,0,H
19,0,2,-5,0,S
19,0,2,-4,0,S
19,0,2,-3,0,S
19,0,2,-2,0,S
19,0,2,-1,0,S
19,0,2,0,0,S
19,0,2,1,0,S
19,0,2,2,0,S
19,0,2,3,0,S
19,0,2,4,0,S
19,0,2,5,0,S
19,0,2,6,0,S
19,0,2,7,0,S
19,0,2,8,0,S
19,0,2,9,0,S
19,0,2,10,0,S
19,0,3,-5,0,S
19,0,3,-4,0,S
19,0,3,-3,0,S
19,0,3,-2,0,S
19,0,3,-1,0,S
19,0,3,0,0,S
19,0,3,1,0,S
19,0,3,2,0,S
19,0,3,3,0,S
19,0,3,4,0,S
19,0,3,5,0,S
19,0,3,6,0,S
19,0,3,7,0,S
19,0,3,8,0,S
19,0,3,9,0,S
19,0,3,10,0,S
19,0,4,-5,0,S
19,0,4,-4,0,S
19,0,4,-3,0,S
19,0,4,-2,0,S
19,0,4,-1,0,S
19,0,4,0,0,S
19,0,4,1,0,S
19,0,4,2,0,S
19,0,4,3,0,S
19,0,4,4,0,S
19,0,4,5,0,S
19,0,4,6,0,S
19,0,4,7,0,S
19,0,4,8,0,S
19,0,4,9,0,S
19,0,4,10,0,S
19,0,5,-5,0,S
19,0,5,-4,0,S
19,0,5,-3,0,S
19,0,5,-2,0,S
19,0,5,-1,0,S
19,0,5,0,0,S
19,0,5,1,0,S
19,0,5,2,0,S
19,0,5,3,0,S
19,0,5,4,0,S
19,0,5,5,0,S
19,0,5,6,0,S
19,0,5,7,0,S
19,0,5,8,0,S
19,0,5,9,0,S
19,0,5,10,0,S
19,0,6,-5,0,S
19,0,6,-4,0,S
19,0,6,-3,0,S
19,0,6,-2,0,S
19,0,6,-1,0,S
19,0,6,0,0,S
19,0,6,1,0,S
19,0,6,2,0,S
19,0,6,3,0,S
19,0,6,4,0,S
19,0,6,5,0,S
19,0,6,6,0,S
19,0,6,7,0,S
19,0,6,8,0,S
19,0,6,9,0,S
19,0,6,10,0,S
19,0,7,-5,0,S
19,0,7,-4,0,S
19,0,7,-3,0,S
19,0,7,-2,0,S
19,0,7,-1,0,S
19,0,7,0,0,S
19,0,7,1,0,S
19,0,7,2,0,S
19,0,7,3,0,S
19,0,7,4,0,S
19,0,7,5,0,S
19,0,7,6,0,S
19,0,7,7,0,S
19,0,7,8,0,S
19,0,7,9,0,S
19,0,7,10,0,S
19,0,8,-5,0,S
19,0,8,-4,0,S
19,0,8,-3,0,S
19,0,8,-2,0,S
19,0,8,-1,0,S
19,0,8,0,0,S
19,0,8,1,0,S
19,0,8,2,0,S
19,0,8,3,0,S
19,0,8,4,0,S
19,0,8,5,0,S
19,0,8,6,0,S
19,0,8,7,0,S
19,0,8,8,0,S
19,0,8,9,0,S
19,0,8,10,0,S
19,0,9,-5,0,S
19,0,9,-4,0,S
19,0,9,-3,0,S
19,0,9,-2,0,S
19,0,9,-1,0,S
19,0,9,0,0,S
19,0,9,1,0,S
19,0,9,2,0,S
19,0,9,3,0,S
19,0,9,4,0,S
19,0,9,5,0,S
19,0,9,6,0,S
19,0,9,7,0,S
19,0,9,8,0,S
19,0,9,9,0,S
19,0,9,10,0,S
19,0,10,-5,0,S
19,0,10,-4,0,S
19,0,10,-3,0,S
19,0,10,-2,0,S
19,0,10,-1,0,S
19,0,10,0,0,S
19,0,10,1,0,S
19,0,10,2,0,S
19,0,10,3,0,S
19,0,10,4,0,S
19,0,10,5,0,S
19,0,10,6,0,S
19,0,10,7,0,S
19,0,10,8,0,S
19,0,10,9,0,S
19,0,10,10,0,S
19,0,11,-5,0,S
19,0,11,-4,0,S
19,0,11,-3,0,S
19,0,11,-2,0,S
19,0,11,-1,0,S
19,0,11,0,0,S
19,0,11,1,0,S
19,0,11,2,0,S
19,0,11,3,0,S
19,0,11,4,0,S
19,0,11,5,0,S
19,0,11,6,0,S
19,0,11,7,0,S
19,0,11,8,0,S
19,0,11,9,0,S
19,0,11,10,0,S
19,1,2,-5,0,S
19,1,2,-4,0,S
19,1,2,-3,0,S
19,1,2,-2,0,S
19,1,2,-1,0,S
19,1,2,0,0,S
19,1,2,1,0,S
19,1,2,2,0,S
19,1,2,3,0,S
19,1,2,4,0,S
19,1,2,5,0,S
19,1,2,6,0,S
19,1,2,7,0,S
19,1,2,8,0,S
19,1,2,9,0,S
19,1,2,10,0,S
19,1,3,-5,0,S
19,1,3,-4,0,S
19,1,3,-3,0,S
19,1,3,-2,0,S
19,1,3,-1,0,S
19,1,3,0,0,S
19,1,3,1,0,S
19,1,3,2,0,S
19,1,3,3,0,S
19,1,3,4,0,S
19,1,3,5,0,S
19,1,3,6,0,S
19,1,3,7,0,S
19,1,3,8,0,S
19,1,3,9,0,S
19,1,3,10,0,S
19,1,4,-5,0,S
19,1,4,-4,0,S
19,1,4,-3,0,S
19,1,4,-2,0,S
19,1,4,-1,0,S
19,1,4,0,0,S
19,1,4,1,0,S
19,1,4,2,0,S
19,1,4,3,0,S
19,1,4,4,0,S
19,1,4,5,0,S
19,1,4,6,0,S
19,1,4,7,0,S
19,1,4,8,0,S
19,1,4,9,0,S
19,1,4,10,0,S
19,1,5,-5,0,S
19,1,5,-4,0,S
19,1,5,-3,0,S
19,1,5,-2,0,S
19,1,5,-1,0,S
19,1,5,0,0,S
19,1,5,1,0,S
19,1,5,2,0,S
19,1,5,3,0,S
19,1,5,4,0,S
19,1,5,5,0,S
19,1,5,6,0,S
19,1,5,7,0,S
19,1,5,8,0,S
19,1,5,9,0,S
19,1,5,10,0,S
19,1,6,-5,0,S
19,1,6,-4,0,S
19,1,6,-3,0,S
19,1,6,-2,0,S
19,1,6,-1,0,S
19,1,6,0,0,S
19,1,6,1,0,S
19,1,6,2,0,S
19,1,6,3,0,S
19,1,6,4,0,S
19,1,6,5,0,S
19,1,6,6,0,S
19,1,6,7,0,S
19,1,6,8,0,S
19,1,6,9,0,S
19,1,6,10,0,S
19,1,7,-5,0,S
19,1,7,-4,0,S
19,1,7,-3,0,S
19,1,7,-2,0,S
19,1,7,-1,0,S
19,1,7,0,0,S
19,1,7,1,0,S
19,1,7,2,0,S
19,1,7,3,0,S
19,1,7,4,0,S
19,1,7,5,0,S
19,1,7,6,0,S
19,1,7,7,0,S
19,1,7,8,0,S
19,1,7,9,0,S
19,1,7,10,0,S
19,1,8,-5,0,S
19,1,8,-4,0,S
19,1,8,-3,0,S
19,1,8,-2,0,S
19,1,8,-1,0,S
19,1,8,0,0,S
19,1,8,1,0,S
19,1,8,2,0,S
19,1,8,3,0,S
19,1,8,4,0,S
19,1,8,5,0,S
19,1,8,6,0,S
19,1,8,7,0,S
19,1,8,8,0,S
19,1,8,9,0,S
19,1,8,10,0,S
19,1,9,-5,0,S
19,1,9,-4,0,S
19,1,9,-3,0,S
19,1,9,-2,0,S
19,1,9,-1,0,S
19,1,9,0,0,S
19,1,9,1,0,S
19,1,9,2,0,S
19,1,9,3,0,S
19,1,9,4,0,S
19,1,9,5,0,S
19,1,9,6,0,S
19,1,9,7,0,S
19,1,9,8,0,S
19,1,9,9,0,S
19,1,9,10,0,S
19,1,10,-5,0,S
19,1,10,-4,0,S
19,1,10,-3,0,S
19,1,10,-2,0,S
19,1,10,-1,0,S
19,1,10,0,0,S
19,1,10,1,0,S
19,1,10,2,0,S
19,1,10,3,0,S
19,1,10,4,0,S
19,1,10,5,0,S
19,1,10,6,0,S
19,1,10,7,0,S
19,1,10,8,0,S
19,1,10,9,0,S
19,1,10,10,0,S
19,1,11,-5,0,S
19,1,11,-4,0,S
19,1,11,-3,0,S
19,1,11,-2,0,S
19,1,11,-1,0,S
19,1,11,0,0,S
19,1,11,1,0,S
19,1,11,2,0,S
19,1,11,3,0,S
19,1,11,4,0,S
19,1,11,5,0,S
19,1,11,6,0,S
19,1,11,7,0,S
19,1,11,8,0,S
19,1,11,9,0,S
19,1,11,10,0,S
20,0,2,-5,0,S
20,0,2,-4,0,S
20,0,2,-3,0,S
20,0,2,-2,0,S
20,0,2,-1,0,S
20,0,2,0,0,S
20,0,2,1,0,S
20,0,2,2,0,S
20,0,2,3,0,S
20,0,2,4,0,S
20,0,2,5,0,S
20,0,2,6,0,S
20,0,2,7,0,S
20,0,2,8,0,S
20,0,2,9,0,S
20,0,2,10,0,S
20,0,3,-5,0,S
20,0,3,-4,0,S
20,0,3,-3,0,S
20,0,3,-2,0,S
20,0,3,-1,0,S
20,0,3,0,0,S
20,0,3,1,0,S
20,0,3,2,0,S
20,0,3,3,0,S
20,0,3,4,0,S
20,0,3,5,0,S
20,0,3,6,0,S
20,0,3,7,0,S
20,0,3,8,0,S
20,0,3,9,0,S
20,0,3,10,0,S
20,0,4,-5,0,S
20,0,4,-4,0,S
20,0,4,-3,0,S
20,0,4,-2,0,S
20,0,4,-1,0,S
20,0,4,0,0,S
20,0,4,1,0,S
20,0,4,2,0,S
20,0,4,3,0,S
20,0,4,4,0,S
20,0,4,5,0,S
20,0,4,6,0,S
20,0,4,7,0,S
20,0,4,8,0,S
20,0,4,9,0,S
20,0,4,10,0,S
20,0,5,-5,0,S
20,0,5,-4,0,S
20,0,5,-3,0,S
20,0,5,-2,0,S
20,0,5,-1,0,S
20,0,5,0,0,S
20,0,5,1,0,S
20,0,5,2,0,S
20,0,5,3,0,S
20,0,5,4,0,S
20,0,5,5,0,S
20,0,5,6,0,S
20,0,5,7,0,S
20,0,5,8,0,S
20,0,5,9,0,S
20,0,5,10,0,S
20,0,6,-5,0,S
20,0,6,-4,0,S
20,0,6,-3,0,S
20,0,6,-2,0,S
20,0,6,-1,0,S
20,0,6,0,0,S
20,0,6,1,0,S
20,0,6,2,0,S
20,0,6,3,0,S
20,0,6,4,0,S
20,0,6,5,0,S
20,0,6,6,0,S
20,0,6,7,0,S
20,0,6,8,0,S
20,0,6,9,0,S
20,0,6,10,0,S
20,0,7,-5,0,S
20,0,7,-4,0,S
20,0,7,-3,0,S
20,0,7,-2,0,S
20,0,7,-1,0,S
20,0,7,0,0,S
20,0,7,1,0,S
20,0,7,2,0,S
20,0,7,3,0,S
20,0,7,4,0,S
20,0,7,5,0,S
20,0,7,6,0,S
20,0,7,7,0,S
20,0,7,8,0,S
20,0,7,9,0,S
20,0,7,10,0,S
20,0,8,-5,0,S
20,0,8,-4,0,S
20,0,8,-3,0,S
20,0,8,-2,0,S
20,0,8,-1,0,S
20,0,8,0,0,S
20,0,8,1,0,S
20,0,8,2,0,S
20,0,8,3,0,S
20,0,8,4,0,S
20,0,8,5,0,S
20,0,8,6,0,S
20,0,8,7,0,S
20,0,8,8,0,S
20,0,8,9,0,S
20,0,8,10,0,S
20,0,9,-5,0,S
20,0,9,-4,0,S
20,0,9,-3,0,S
20,0,9,-2,0,S
20,0,9,-1,0,S
20,0,9,0,0,S
20,0,9,1,0,S
20,0,9,2,0,S
20,0,9,3,0,S
20,0,9,4,0,S
20,0,9,5,0,S
20,0,9,6,0,S
20,0,9,7,0,S
20,0,9,8,0,S
20,0,9,9,0,S
20,0,9,10,0,S
20,0,10,-5,0,S
20,0,10,-4,0,S
20,0,10,-3,0,S
20,0,10,-2,0,S
20,0,10,-1,0,S
20,0,10,0,0,S
20,0,10,1,0,S
20,0,10,2,0,S
20,0,10,3,0,S
20,0,10,4,0,S
20,0,10,5,0,S
20,0,10,6,0,S
20,0,10,7,0,S
20,0,10,8,0,S
20,0,10,9,0,S
20,0,10,10,0,S
20,0,11,-5,0,S
20,0,11,-4,0,S
20,0,11,-3,0,S
20,0,11,-2,0,S
20,0,11,-1,0,S
20,0,11,0,0,S
20,0,11,1,0,S
20,0,11,2,0,S
20,0,11,3,0,S
20,0,11,4,0,S
20,0,11,5,0,S
20,0,11,6,0,S
20,0,11,7,0,S
20,0,11,8,0,S
20,0,11,9,0,S
20,0,11,10,0,S
20,1,2,-5,0,S
20,1,2,-4,0,S
20,1,2,-3,0,S
20,1,2,-2,0,S
20,1,2,-1,0,S
20,1,2,0,0,S
20,1,2,1,0,S
20,1,2,2,0,S
20,1,2,3,0,S
20,1,2,4,0,S
20,1,2,5,0,S
20,1,2,6,0,S
20,1,2,7,0,S
20,1,2,8,0,S
20,1,2,9,0,S
20,1,2,10,0,S
20,1,3,-5,0,S
20,1,3,-4,0,S
20,1,3,-3,0,S
20,1,3,-2,0,S
20,1,3,-1,0,S
20,1,3,0,0,S
20,1,3,1,0,S
20,1,3,2,0,S
20,1,3,3,0,S
20,1,3,4,0,S
20,1,3,5,0,S
20,1,3,6,0,S
20,1,3,7,0,S
20,1,3,8,0,S
20,1,3,9,0,S
20,1,3,10,0,S
20,1,4,-5,0,S
20,1,4,-4,0,S
20,1,4,-3,0,S
20,1,4,-2,0,S
20,1,4,-1,0,S
20,1,4,0,0,S
20,1,4,1,0,S
20,1,4,2,0,S
20,1,4,3,0,S
20,1,4,4,0,S
20,1,4,5,0,S
20,1,4,6,0,S
20,1,4,7,0,S
20,1,4,8,0,S
20,1,4,9,0,S
20,1,4,10,0,S
20,1,5,-5,0,S
20,1,5,-4,0,S
20,1,5,-3,0,S
20,1,5,-2,0,S
20,1,5,-1,0,S
20,1,5,0,0,S
20,1,5,1,0,S
20,1,5,2,0,S
20,1,5,3,0,S
20,1,5,4,0,S
20,1,5,5,0,S
20,1,5,6,0,S
20,1,5,7,0,S
20,1,5,8,0,S
20,1,5,9,0,S
20,1,5,10,0,S
20,1,6,-5,0,S
20,1,6,-4,0,S
20,1,6,-3,0,S
20,1,6,-2,0,S
20,1,6,-1,0,S
20,1,6,0,0,S
20,1,6,1,0,S
20,1,6,2,0,S
20,1,6,3,0,S
20,1,6,4,0,S
20,1,6,5,0,S
20,1,6,6,0,S
20,1,6,7,0,S
20,1,6,8,0,S
20,1,6,9,0,S
20,1,6,10,0,S
20,1,7,-5,0,S
20,1,7,-4,0,S
20,1,7,-3,0,S
20,1,7,-2,0,S
20,1,7,-1,0,S
20,1,7,0,0,S
20,1,7,1,0,S
20,1,7,2,0,S
20,1,7,3,0,S
20,1,7,4,0,S
20,1,7,5,0,S
20,1,7,6,0,S
20,1,7,7,0,S
20,1,7,8,0,S
20,1,7,9,0,S
20,1,7,10,0,S
20,1,8,-5,0,S
20,1,8,-4,0,S
20,1,8,-3,0,S
20,1,8,-2,0,S
20,1,8,-1,0,S
20,1,8,0,0,S
20,1,8,1,0,S
20,1,8,2,0,S
20,1,8,3,0,S
20,1,8,4,0,S
20,1,8,5,0,S
20,1,8,6,0,S
20,1,8,7,0,S
20,1,8,8,0,S
20,1,8,9,0,S
20,1,8,10,0,S
20,1,9,-5,0,S
20,1,9,-4,0,S
20,1,9,-3,0,S
20,1,9,-2,0,S
20,1,9,-1,0,S
20,1,9,0,0,S
20,1,9,1,0,S
20,1,9,2,0,S
20,1,9,3,0,S
20,1,9,4,0,S
20,1,9,5,0,S
20,1,9,6,0,S
20,1,9,7,0,S
20,1,9,8,0,S
20,1,9,9,0,S
20,1,9,10,0,S
20,1,10,-5,0,S
20,1,10,-4,0,S
20,1,10,-3,0,S
20,1,10,-2,0,S
20,1,10,-1,0,S
20,1,10,0,0,S
20,1,10,1,0,S
20,1,10,2,0,S
20,1,10,3,0,S
20,1,10,4,0,S
20,1,10,5,0,S
20,1,10,6,0,S
20,1,10,7,0,S
20,1,10,8,0,S
20,1,10,9,0,S
20,1,10,10,0,S
20,1,11,-5,0,S
20,1,11,-4,0,S
20,1,11,-3,0,S
20,1,11,-2,0,S
20,1,11,-1,0,S
20,1,11,0,0,S
20,1,11,1,0,S
20,1,11,2,0,S
20,1,11,3,0,S
20,1,11,4,0,S
20,1,11,5,0,S
20,1,11,6,0,S
20,1,11,7,0,S
20,1,11,8,0,S
20,1,11,9,0,S
20,1,11,10,0,S
21,0,2,-5,0,S
21,0,2,-4,0,S
21,0,2,-3,0,S
21,0,2,-2,0,S
21,0,2,-1,0,S
21,0,2,0,0,S
21,0,2,1,0,S
21,0,2,2,0,S
21,0,2,3,0,S
21,0,2,4,0,S
21,0,2,5,0,S
21,0,2,6,0,S
21,0,2,7,0,S
21,0,2,8,0,S
21,0,2,9,0,S
21,0,2,10,0,S
21,0,3,-5,0,S
21,0,3,-4,0,S
21,0,3,-3,0,S
21,0,3,-2,0,S
21,0,3,-1,0,S
21,0,3,0,0,S
21,0,3,1,0,S
21,0,3,2,0,S
21,0,3,3,0,S
21,0,3,4,0,S
21,0,3,5,0,S
21,0,3,6,0,S
21,0,3,7,0,S
21,0,3,8,0,S
21,0,3,9,0,S
21,0,3,10,0,S
21,0,4,-5,0,S
21,0,4,-4,0,S
21,0,4,-3,0,S
21,0,4,-2,0,S
21,0,4,-1,0,S
21,0,4,0,0,S
21,0,4,1,0,S
21,0,4,2,0,S
21,0,4,3,0,S
21,0,4,4,0,S
21,0,4,5,0,S
21,0,4,6,0,S
21,0,4,7,0,S
21,0,4,8,0,S
21,0,4,9,0,S
21,0,4,10,0,S
21,0,5,-5,0,S
21,0,5,-4,0,S
21,0,5,-3,0,S
21,0,5,-2,0,S
21,0,5,-1,0,S
21,0,5,0,0,S
21,0,5,1,0,S
21,0,5,2,0,S
21,0,5,3,0,S
21,0,5,4,0,S
21,0,5,5,0,S
21,0,5,6,0,S
21,0,5,7,0,S
21,0,5,8,0,S
21,0,5,9,0,S
21,0,5,10,0,S
21,0,6,-5,0,S
21,0,6,-4,0,S
21,0,6,-3,0,S
21,0,6,-2,0,S
21,0,6,-1,0,S
21,0,6,0,0,S
21,0,6,1,0,S
21,0,6,2,0,S
21,0,6,3,0,S
21,0,6,4,0,S
21,0,6,5,0,S
21,0,6,6,0,S
21,0,6,7,0,S
21,0,6,8,0,S
21,0,6,9,0,S
21,0,6,10,0,S
21,0,7,-5,0,S
21,0,7,-4,0,S
21,0,7,-3,0,S
21,0,7,-2,0,S
21,0,7,-1,0,S
21,0,7,0,0,S
21,0,7,1,0,S
21,0,7,2,0,S
21,0,7,3,0,S
21,0,7,4,0,S
21,0,7,5,0,S
21,0,7,6,0,S
21,0,7,7,0,S
21,0,7,8,0,S
21,0,7,9,0,S
21,0,7,10,0,S
21,0,8,-5,0,S
21,0,8,-4,0,S
21,0,8,-3,0,S
21,0,8,-2,0,S
21,0,8,-1,0,S
21,0,8,0,0,S
21,0,8,1,0,S
21,0,8,2,0,S
21,0,8,3,0,S
21,0,8,4,0,S
21,0,8,5,0,S
21,0,8,6,0,S
21,0,8,7,0,S
21,0,8,8,0,S
21,0,8,9,0,S
21,0,8,10,0,S
21,0,9,-5,0,S
21,0,9,-4,0,S
21,0,9,-3,0,S
21,0,9,-2,0,S
21,0,9,-1,0,S
21,0,9,0,0,S
21,0,9,1,0,S
21,0,9,2,0,S
21,0,9,3,0,S
21,0,9,4,0,S
21,0,9,5,0,S
21,0,9,6,0,S
21,0,9,7,0,S
21,0,9,8,0,S
21,0,9,9,0,S
21,0,9,10,0,S
21,0,10,-5,0,S
21,0,10,-4,0,S
21,0,10,-3,0,S
21,0,10,-2,0,S
21,0,10,-1,0,S
21,0,10,0,0,S
21,0,10,1,0,S
21,0,10,2,0,S
21,0,10,3,0,S
21,0,10,4,0,S
21,0,10,5,0,S
21,0,10,6,0,S
21,0,10,7,0,S
21,0,10,8,0,S
21,0,10,9,0,S
21,0,10,10,0,S
21,0,11,-5,0,S
21,0,11,-4,0,S
21,0,11,-3,0,S
21,0,11,-2,0,S
21,0,11,-1,0,S
21,0,11,0,0,S
21,0,11,1,0,S
21,0,11,2,0,S
21,0,11,3,0,S
21,0,11,4,0,S
21,0,11,5,0,S
21,0,11,6,0,S
21,0,11,7,0,S
21,0,11,8,0,S
21,0,11,9,0,S
21,0,11,10,0,S
21,1,2,-5,0,S
21,1,2,-4,0,S
21,1,2,-3,0,S
21,1,2,-2,0,S
21,1,2,-1,0,S
21,1,2,0,0,S
21,1,2,1,0,S
21,1,2,2,0,S
21,1,2,3,0,S
21,1,2,4,0,S
21,1,2,5,0,S
21,1,2,6,0,S
21,1,2,7,0,S
21,1,2,8,0,S
21,1,2,9,0,S
21,1,2,10,0,S
21,1,3,-5,0,S
21,1,3,-4,0,S
21,1,3,-3,0,S
21,1,3,-2,0,S
21,1,3,-1,0,S
21,1,3,0,0,S
21,1,3,1,0,S
21,1,3,2,0,S
21,1,3,3,0,S
21,1,3,4,0,S
21,1,3,5,0,S
21,1,3,6,0,S
21,1,3,7,0,S
21,1,3,8,0,S
21,1,3,9,0,S
21,1,3,10,0,S
21,1,4,-5,0,S
21,1,4,-4,0,S
21,1,4,-3,0,S
21,1,4,-2,0,S
21,1,4,-1,0,S
21,1,4,0,0,S
21,1,4,1,0,S
21,1,4,2,0,S
21,1,4,3,0,S
21,1,4,4,0,S
21,1,4,5,0,S
21,1,4,6,0,S
21,1,4,7,0,S
21,1,4,8,0,S
21,1,4,9,0,S
21,1,4,10,0,S
21,1,5,-5,0,S
21,1,5,-4,0,S
21,1,5,-3,0,S
21,1,5,-2,0,S
21,1,5,-1,0,S
21,1,5,0,0,S
21,1,5,1,0,S
21,1,5,2,0,S
21,1,5,3,0,S
21,1,5,4,0,S
21,1,5,5,0,S
21,1,5,6,0,S
21,1,5,7,0,S
21,1,5,8,0,S
21,1,5,9,0,S
21,1,5,10,0,S
21,1,6,-5,0,S
21,1,6,-4,0,S
21,1,6,-3,0,S
21,1,6,-2,0,S
21,1,6,-1,0,S
21,1,6,0,0,S
21,1,6,1,0,S
21,1,6,2,0,S
21,1,6,3,0,S
21,1,6,4,0,S
21,1,6,5,0,S
21,1,6,6,0,S
21,1,6,7,0,S
21,1,6,8,0,S
21,1,6,9,0,S
21,1,6,10,0,S
21,1,7,-5,0,S
21,1,7,-4,0,S
21,1,7,-3,0,S
21,1,7,-2,0,S
21,1,7,-1,0,S
21,1,7,0,0,S
21,1,7,1,0,S
21,1,7,2,0,S
21,1,7,3,0,S
21,1,7,4,0,S
21,1,7,5,0,S
21,1,7,6,0,S
21,1,7,7,0,S
21,1,7,8,0,S
21,1,7,9,0,S
21,1,7,10,0,S
21,1,8,-5,0,S
21,1,8,-4,0,S
21,1,8,-3,0,S
21,1,8,-2,0,S
21,1,8,-1,0,S
21,1,8,0,0,S
21,1,8,1,0,S
21,1,8,2,0,S
21,1,8,3,0,S
21,1,8,4,0,S
21,1,8,5,0,S
21,1,8,6,0,S
21,1,8,7,0,S
21,1,8,8,0,S
21,1,8,9,0,S
21,1,8,10,0,S
21,1,9,-5,0,S
21,1,9,-4,0,S
21,1,9,-3,0,S
21,1,9,-2,0,S
21,1,9,-1,0,S
21,1,9,0,0,S
21,1,9,1,0,S
21,1,9,2,0,S
21,1,9,3,0,S
21,1,9,4,0,S
21,1,9,5,0,S
21,1,9,6,0,S
21,1,9,7,0,S
21,1,9,8,0,S
21,1,9,9,0,S
21,1,9,10,0,S
21,1,10,-5,0,S
21,1,10,-4,0,S
21,1,10,-3,0,S
21,1,10,-2,0,S
21,1,10,-1,0,S
21,1,10,0,0,S
21,1,10,1,0,S
21,1,10,2,0,S
21,1,10,3,0,S
21,1,10,4,0,S
21,1,10,5,0,S
21,1,10,6,0,S
21,1,10,7,0,S
21,1,10,8,0,S
21,1,10,9,0,S
21,1,10,10,0,S
21,1,11,-5,0,S
21,1,11,-4,0,S
21,1,11,-3,0,S
21,1,11,-2,0,S
21,1,11,-1,0,S
21,1,11,0,0,S
21,1,11,1,0,S
21,1,11,2,0,S
21,1,11,3,0,S
21,1,11,4,0,S
21,1,11,5,0,S
21,1,11,6,0,S
21,1,11,7,0,S
21,1,11,8,0,S
21,1,11,9,0,S
21,1,11,10,0,S
